Loan_ID,SME_Name,Sector,Region,Loan_Amount (GHC),Interest_Rate,Issue_Date,Due_Date,Repayment_Status,Business_Size,Collateral_Value (GHC),Repayment_Amount (GHC),Loan_Term (Months),Amount_Paid (GHC),Date_Paid,Amount_Due,Credit_Score,Risk_Rating
L0001,AGR_0001,Agriculture,Central,447224,17.4,9/12/2020,6/11/2023,Defaulted,Small,89202,525040.98,33,27326.28,5/12/2023,497714.7,,
L0002,AGR_0002,Agriculture,Western,329270,11.64,7/23/2023,9/19/2024,Paid,Medium,321741,367597.03,14,367597.03,9/17/2024,0,,
L0003,TRA_0003,Trade,Upper East,401715,28.71,6/21/2019,10/26/2020,Defaulted,Medium,264392,517047.38,16,27448.39,9/26/2020,489598.99,,
L0004,ENE_0004,Energy & Utilities,Northern,424502,17.7,1/2/2020,4/10/2022,Late Payment,Micro,157430,499638.85,27,499638.85,4/16/2022,0,,
L0005,FIS_0005,Fisheries,Upper West,214431,22.17,7/21/2021,1/8/2023,Late Payment,Medium,128747,261970.35,17,261970.35,1/10/2023,0,,
L0006,AGR_0006,Agriculture,Central,158557,21.16,3/21/2022,1/23/2025,Paid,Micro,130863,192107.66,34,192107.66,1/19/2025,0,,
L0007,ENE_0007,Energy & Utilities,Greater Accra,325325,17.87,11/21/2019,7/20/2022,Paid,Medium,62020,383460.58,32,383460.58,7/17/2022,0,,
L0008,TRA_0008,Trade,Eastern,220674,29.03,10/10/2019,11/6/2021,Late Payment,Small,101885,284735.66,25,284735.66,11/10/2021,0,,
L0009,FIS_0009,Fisheries,Upper East,170718,13.79,7/6/2021,4/1/2024,Defaulted,Micro,56816,,33,16000.16,3/2/2024,178259.85,,
L0010,ENE_0010,Energy & Utilities,Upper East,390667,31.16,2/26/2018,1/25/2020,Paid,Medium,48532,512398.84,23,512398.84,1/20/2020,0,,
L0011,ENE_0011,Energy & Utilities,Central,358898,19.64,9/18/2022,1/16/2025,Paid,Medium,125312,429385.57,28,429385.57,1/16/2025,0,,
L0012,TRA_0012,Trade,Upper East,225435,28.11,12/5/2022,12/18/2023,Paid,Micro,224300,288804.78,12,288804.78,12/16/2023,0,,
L0013,TRA_0013,Trade,Northern,286692,13.29,10/22/2022,10/15/2024,Paid,Medium,83421,324793.37,24,324793.37,10/12/2024,0,,
L0014,TRA_0014,Trade,Volta,443743,23.84,3/7/2022,5/4/2023,Late Payment,Micro,203576,549531.33,14,549531.33,5/19/2023,0,,
L0015,ENE_0015,Energy & Utilities,Central,476102,16,12/6/2018,2/11/2020,Defaulted,Medium,187712,552278.32,14,50607.53,1/12/2020,,,
L0016,FIS_0016,Fisheries,Ashanti,424012,21.47,7/28/2021,2/27/2023,Defaulted,Micro,55802,515047.38,19,34603.67,1/28/2023,480443.71,,
L0017,MAN_0017,Manufacturing,Volta,96608,10.46,10/7/2020,7/4/2023,Paid,Medium,47740,106713.2,33,106713.2,7/2/2023,0,,
L0018,TRA_0018,Trade,Volta,490282,29.12,1/16/2022,6/13/2024,Paid,Small,317584,633052.12,29,633052.12,6/13/2024,0,,
L0019,ENE_0019,Energy & Utilities,Northern,227416,19.06,8/2/2022,12/20/2024,Late Payment,Micro,159464,270761.49,29,270761.49,12/21/2024,0,,
L0020,ENE_0020,Energy & Utilities,Greater Accra,460496,34.52,9/6/2021,9/1/2024,Late Payment,Medium,116433,619459.22,36,619459.22,9/9/2024,0,,
L0021,AGR_0021,Agriculture,Central,334727,11.82,3/20/2023,6/17/2024,Paid,Micro,283990,374291.73,15,374291.73,6/17/2024,0,,
L0022,TRA_0022,Trade,Eastern,50313,21.16,5/24/2020,8/5/2022,Defaulted,Medium,18934,60959.23,26,5873.95,7/6/2022,55085.28,,
L0023,FIS_0023,Fisheries,Central,390355,23.42,8/19/2018,3/7/2021,Paid,Micro,133753,481776.14,31,481776.14,3/3/2021,0,,
L0024,AGR_0024,Agriculture,Volta,197884,27.06,7/2/2022,12/31/2024,Late Payment,Micro,103447,251431.41,30,251431.41,1/5/2025,0,,
L0025,ENE_0025,Energy & Utilities,Volta,342179,31.25,11/7/2019,10/29/2022,Defaulted,Micro,218545,449109.94,36,26354.97,9/29/2022,422754.97,,
L0026,ENE_0026,Energy & Utilities,Northern,197253,23.09,11/2/2018,8/24/2020,Paid,Small,18081,242798.72,22,242798.72,8/22/2020,0,,
L0027,TRA_0027,Trade,Upper West,15137,22.74,10/8/2019,2/7/2022,Defaulted,Micro,6455,18579.15,28,1726.07,1/8/2022,16853.08,,
L0028,ENE_0028,Energy & Utilities,Eastern,132665,19.89,7/15/2019,7/22/2020,Late Payment,Medium,51685,159052.07,12,159052.07,8/11/2020,0,,
L0029,TRA_0029,Trade,Western,347351,19.92,4/15/2018,1/27/2021,Paid,Micro,53588,416543.32,33,416543.32,1/24/2021,0,,
L0030,FIS_0030,Fisheries,Upper East,260306,20.06,9/14/2019,8/17/2021,Late Payment,Medium,10827,312523.38,23,312523.38,8/29/2021,0,,
L0031,FIS_0031,Fisheries,Upper East,423388,11.88,7/14/2022,6/1/2025,Defaulted,Small,262349,473686.49,35,36063.09,5/2/2025,437623.4,,
L0032,MAN_0032,Manufacturing,Northern,70344,26.76,4/19/2019,6/5/2021,Paid,Small,18637,89168.05,25,89168.05,6/4/2021,0,,
L0033,ENE_0033,Energy & Utilities,Eastern,204124,31.58,4/13/2023,3/31/2026,Defaulted,Medium,80789,268586.36,36,14333.67,3/1/2026,254252.69,,
L0034,MAN_0034,Manufacturing,Central,178423,17.74,3/26/2021,8/29/2023,Defaulted,Medium,120179,210075.24,29,15230.44,7/30/2023,194844.8,,
L0035,ENE_0035,Energy & Utilities,Ashanti,47109,18.99,5/1/2019,1/8/2021,Paid,Medium,5022,56055,20,56055,1/7/2021,0,,
L0036,MAN_0036,Manufacturing,Northern,414249,30.97,9/17/2018,8/13/2021,Defaulted,Medium,245521,542541.92,35,27957.58,7/14/2021,514584.34,,
L0037,MAN_0037,Manufacturing,Greater Accra,91822,33.83,1/13/2019,7/31/2021,Paid,Medium,86592,122885.38,31,122885.38,7/28/2021,0,,
L0038,TRA_0038,Trade,Upper East,143773,15.52,3/21/2022,1/15/2024,Defaulted,Medium,132794,166086.57,22,13462.45,12/16/2023,152624.12,,
L0039,MAN_0039,Manufacturing,Greater Accra,460559,27.99,1/6/2020,1/9/2022,Defaulted,Micro,37526,589469.46,24,31035.51,12/10/2021,558433.95,,
L0040,TRA_0040,Trade,Northern,332360,31.81,11/7/2021,12/16/2023,Late Payment,Small,162927,438083.72,25,438083.72,12/26/2023,0,,
L0041,MAN_0041,Manufacturing,Northern,153432,32.68,12/25/2018,12/2/2021,Late Payment,Medium,95980,203573.58,35,203573.58,12/3/2021,0,,
L0042,FIS_0042,Fisheries,Volta,181551,29.27,3/18/2018,6/23/2019,Late Payment,Small,17834,234690.98,15,234690.98,7/3/2019,0,,
L0043,TRA_0043,Trade,Eastern,174098,25.73,9/14/2023,10/16/2025,Paid,Micro,139812,218893.42,25,218893.42,10/11/2025,0,,
L0044,TRA_0044,Trade,Upper East,492126,32.82,4/26/2020,10/17/2022,Defaulted,Micro,481283,653641.75,30,49587.89,9/17/2022,604053.86,,
L0045,AGR_0045,Agriculture,Ashanti,330579,30.67,12/8/2018,10/2/2021,Paid,Medium,270446,431967.58,34,431967.58,9/29/2021,0,,
L0046,AGR_0046,Agriculture,Upper East,116777,23.12,12/10/2022,12/2/2025,Paid,Small,23744,143775.84,36,143775.84,11/27/2025,0,,
L0047,AGR_0047,Agriculture,Volta,425233,22.27,1/25/2023,10/28/2024,Paid,Medium,375910,519932.39,21,519932.39,10/27/2024,0,,
L0048,MAN_0048,Manufacturing,Volta,433600,28.27,6/11/2023,9/20/2025,Defaulted,Micro,428356,556178.72,27,30513.11,8/21/2025,525665.61,,
L0049,FIS_0049,Fisheries,Greater Accra,282548,29.9,5/19/2022,1/23/2025,Late Payment,Medium,199859,367029.85,32,367029.85,1/31/2025,0,,
L0050,MAN_0050,Manufacturing,Central,350759,18.77,8/13/2022,10/21/2023,Defaulted,Medium,279480,416596.46,14,29630.48,9/21/2023,386965.98,,
L0051,ENE_0051,Energy & Utilities,Eastern,118814,29.13,6/11/2022,6/4/2025,Defaulted,Small,41147,153424.52,36,13840.7,5/5/2025,139583.82,,
L0052,ENE_0052,Energy & Utilities,Upper East,356562,16.44,6/21/2020,10/16/2021,Paid,Micro,115453,415180.79,16,415180.79,10/14/2021,0,,
L0053,MAN_0053,Manufacturing,Upper East,122419,23.23,5/17/2022,6/23/2024,Defaulted,Medium,92558,150856.93,25,10973.12,5/24/2024,139883.81,,
L0054,ENE_0054,Energy & Utilities,Ashanti,404754,32.07,4/3/2019,11/27/2020,Late Payment,Small,350623,534558.61,20,534558.61,12/17/2020,0,,
L0055,AGR_0055,Agriculture,Western,464957,34.25,12/7/2019,9/8/2021,Paid,Micro,137550,624204.77,21,624204.77,9/4/2021,0,,
L0056,AGR_0056,Agriculture,Volta,324956,25.17,5/10/2023,10/24/2025,Late Payment,Small,195126,406747.43,29,406747.43,11/5/2025,0,,
L0057,FIS_0057,Fisheries,Upper East,77423,19.34,12/12/2020,5/13/2022,Late Payment,Micro,60221,92396.61,17,92396.61,5/31/2022,0,,
L0058,FIS_0058,Fisheries,Upper West,236004,15.86,1/26/2023,10/6/2024,Defaulted,Medium,181964,273434.23,20,23305.21,9/6/2024,250129.02,,
L0059,AGR_0059,Agriculture,Western,303141,24.63,12/5/2023,3/12/2026,Late Payment,Medium,14175,377804.63,27,377804.63,3/30/2026,0,,
L0060,FIS_0060,Fisheries,Upper East,275440,26.65,1/1/2022,9/9/2024,Paid,Micro,217213,348844.76,32,348844.76,9/5/2024,0,,
L0061,AGR_0061,Agriculture,Upper West,489252,10.84,4/7/2019,3/10/2022,Defaulted,Micro,23061,542286.92,35,40723.83,2/8/2022,501563.09,,
L0062,MAN_0062,Manufacturing,Central,133996,33.06,4/10/2022,6/2/2024,Defaulted,Small,111979,,26,11667.02,5/3/2024,166628.06,,
L0063,MAN_0063,Manufacturing,Eastern,185925,21.59,2/3/2022,10/14/2023,Defaulted,Small,127627,226066.21,20,13555.19,9/14/2023,212511.02,,
L0064,AGR_0064,Agriculture,Greater Accra,348678,33.29,6/16/2020,10/21/2022,Paid,Small,83285,464752.91,28,464752.91,10/20/2022,0,,
L0065,MAN_0065,Manufacturing,Greater Accra,169988,19.63,9/6/2019,1/10/2021,Defaulted,Micro,29339,203356.64,16,14650.19,12/11/2020,188706.45,,
L0066,FIS_0066,Fisheries,Northern,418158,29.68,8/24/2023,3/24/2025,Paid,Micro,274188,542267.29,19,542267.29,3/22/2025,0,,
L0067,FIS_0067,Fisheries,Ashanti,476921,10.47,5/20/2023,1/20/2025,Defaulted,Micro,344296,526854.63,20,29958.21,12/21/2024,496896.42,,
L0068,AGR_0068,Agriculture,Volta,280535,17.45,5/22/2019,8/23/2020,Defaulted,Medium,217447,329488.36,15,29392.55,7/24/2020,300095.81,,
L0069,FIS_0069,Fisheries,Central,307007,33.01,9/6/2020,8/11/2023,Paid,Micro,51918,408350.01,35,408350.01,8/6/2023,0,,
L0070,ENE_0070,Energy & Utilities,Ashanti,402134,13.28,11/14/2019,5/3/2022,Defaulted,Medium,132400,455537.4,30,26096.72,4/3/2022,429440.68,,
L0071,TRA_0071,Trade,Greater Accra,386786,23.31,5/25/2022,6/29/2023,Defaulted,Medium,255681,476945.82,13,24690.07,5/30/2023,452255.75,,
L0072,MAN_0072,Manufacturing,Upper West,218192,19.25,4/7/2021,4/19/2022,Late Payment,Micro,199984,260193.96,12,260193.96,5/6/2022,0,,
L0073,TRA_0073,Trade,Upper East,320454,34.62,4/16/2020,12/10/2021,Defaulted,Micro,215289,431395.17,20,21836.6,11/10/2021,409558.57,,
L0074,MAN_0074,Manufacturing,Ashanti,71085,27.46,1/18/2022,6/10/2024,Late Payment,Medium,28811,90604.94,29,90604.94,6/25/2024,0,,
L0075,AGR_0075,Agriculture,Eastern,220668,30.1,7/8/2019,7/18/2021,Paid,Medium,88297,287089.07,24,287089.07,7/18/2021,0,,
L0076,TRA_0076,Trade,Upper West,282321,16.52,8/1/2023,3/2/2025,Defaulted,Small,218897,328960.43,19,17309.06,1/31/2025,311651.37,,
L0077,ENE_0077,Energy & Utilities,Eastern,391802,30.47,2/25/2021,3/14/2022,Defaulted,Medium,175365,511184.07,12,48140.42,2/12/2022,463043.65,,
L0078,ENE_0078,Energy & Utilities,Northern,437027,17.66,10/5/2018,7/2/2021,Late Payment,Small,107231,514205.97,33,514205.97,7/22/2021,0,,
L0079,TRA_0079,Trade,Volta,48917,15.51,12/9/2023,7/16/2025,Late Payment,Micro,43862,56504.03,19,56504.03,7/27/2025,0,,
L0080,TRA_0080,Trade,Eastern,230325,11.17,2/14/2019,11/28/2020,Late Payment,Small,137583,256052.3,21,256052.3,12/18/2020,0,,
L0081,AGR_0081,Agriculture,Upper West,448790,20.76,1/18/2022,5/26/2024,Defaulted,Small,167601,541958.8,28,33842.4,4/26/2024,508116.4,,
L0082,FIS_0082,Fisheries,Greater Accra,466527,11.95,1/1/2023,4/6/2025,Paid,Small,301938,522276.98,27,522276.98,4/1/2025,0,,
L0084,TRA_0084,Trade,Western,389310,33.58,2/4/2019,4/10/2021,Late Payment,Small,159742,520040.3,26,520040.3,4/20/2021,0,,
L0085,MAN_0085,Manufacturing,Ashanti,189217,24.86,12/23/2023,5/28/2025,Paid,Medium,92485,236256.35,17,236256.35,5/24/2025,0,,
L0087,ENE_0087,Energy & Utilities,Greater Accra,247772,27.01,1/7/2023,12/10/2025,Late Payment,Small,152347,314695.22,35,314695.22,12/24/2025,0,,
L0088,FIS_0088,Fisheries,Central,430604,21.96,5/10/2020,12/26/2022,Late Payment,Small,179589,525164.64,32,525164.64,1/6/2023,0,,
L0089,TRA_0089,Trade,Upper West,276373,17.53,9/17/2021,1/9/2024,Late Payment,Small,216448,324821.19,28,324821.19,1/18/2024,0,,
L0090,FIS_0090,Fisheries,Ashanti,315323,30.14,7/7/2022,11/17/2024,Paid,Micro,144429,410361.35,28,410361.35,11/16/2024,0,,
L0091,ENE_0091,Energy & Utilities,Volta,412996,29.14,4/25/2023,6/5/2025,Late Payment,Medium,94777,533343.03,25,533343.03,6/19/2025,0,,
L0092,TRA_0092,Trade,Western,404917,33.23,3/2/2022,12/7/2024,Paid,Small,68376,539470.92,33,539470.92,12/3/2024,0,,
L0093,ENE_0093,Energy & Utilities,Central,360749,18.36,7/23/2018,12/1/2019,Defaulted,Small,231831,426982.52,16,29874.01,11/1/2019,397108.51,,
L0094,FIS_0094,Fisheries,Volta,10074,10.87,5/2/2023,10/6/2025,Defaulted,Medium,7046,11169.04,29,997.01,9/6/2025,10172.03,,
L0095,TRA_0095,Trade,Upper East,346729,32.73,9/1/2022,3/21/2025,Paid,Small,118671,460213.4,31,460213.4,3/17/2025,0,,
L0096,FIS_0096,Fisheries,Volta,268981,29.65,11/4/2021,8/21/2024,Late Payment,Medium,226027,348733.87,34,348733.87,8/23/2024,0,,
L0097,FIS_0097,Fisheries,Upper East,381384,19.13,2/9/2022,7/23/2024,Paid,Medium,65122,454342.76,29,454342.76,7/19/2024,0,,
L0099,AGR_0099,Agriculture,Greater Accra,181615,26.18,2/9/2022,12/29/2024,Paid,Small,49999,229161.81,35,229161.81,12/25/2024,0,,
L0100,TRA_0100,Trade,Eastern,322364,22.85,7/22/2020,11/9/2022,Paid,Micro,308633,396024.17,28,396024.17,11/4/2022,0,,
L0101,AGR_0101,Agriculture,Ashanti,234151,32.72,11/25/2023,5/23/2026,Late Payment,Small,225844,310765.21,30,310765.21,5/28/2026,0,,
L0102,ENE_0102,Energy & Utilities,Central,334311,28.8,1/9/2023,8/10/2025,Defaulted,Micro,333137,430592.57,31,30926.01,7/11/2025,399666.56,,
L0103,MAN_0103,Manufacturing,Upper West,173793,21.7,4/21/2021,8/4/2023,Defaulted,Small,137173,211506.08,27,18471.85,7/5/2023,193034.23,,
L0104,AGR_0104,Agriculture,Greater Accra,134252,19.44,5/3/2018,7/10/2020,Late Payment,Medium,71165,160350.59,26,160350.59,7/18/2020,0,,
L0105,MAN_0105,Manufacturing,Volta,70578,21.6,12/21/2023,9/26/2025,Paid,Small,63081,85822.85,21,85822.85,9/23/2025,0,,
L0106,FIS_0106,Fisheries,Central,291373,19.67,12/19/2023,7/13/2025,Paid,Medium,40303,348686.07,19,348686.07,7/12/2025,0,,
L0107,TRA_0107,Trade,Western,216785,22.43,11/26/2023,5/9/2026,Late Payment,Medium,166355,265409.88,29,265409.88,5/29/2026,0,,
L0108,MAN_0108,Manufacturing,Upper West,248389,13.38,9/11/2021,11/29/2022,Defaulted,Medium,126315,281623.45,14,17598.03,10/30/2022,264025.42,,
L0110,FIS_0110,Fisheries,Upper West,388664,34.81,7/26/2023,7/13/2025,Defaulted,Medium,15119,523957.94,23,44021.74,6/13/2025,479936.2,,
L0111,MAN_0111,Manufacturing,Western,127707,21.35,9/15/2022,2/7/2025,Paid,Micro,122577,154972.44,29,154972.44,2/3/2025,0,,
L0112,ENE_0112,Energy & Utilities,Greater Accra,32911,15.19,2/18/2023,12/16/2025,Late Payment,Small,26132,37910.18,34,37910.18,12/29/2025,0,,
L0113,TRA_0113,Trade,Ashanti,260075,23.67,7/15/2021,7/21/2022,Late Payment,Medium,91857,321634.75,12,321634.75,7/25/2022,0,,
L0114,TRA_0114,Trade,Volta,164141,12.63,12/16/2022,4/10/2025,Late Payment,Small,20628,184872.01,28,184872.01,4/22/2025,0,,
L0115,FIS_0115,Fisheries,Volta,280047,21.22,9/22/2021,6/27/2023,Late Payment,Micro,142057,339472.97,21,339472.97,6/30/2023,0,,
L0116,MAN_0116,Manufacturing,Western,225548,14.08,7/13/2019,12/31/2021,Late Payment,Micro,38149,257305.16,30,257305.16,1/13/2022,0,,
L0117,TRA_0117,Trade,Upper West,355300,30.3,7/11/2021,7/14/2022,Defaulted,Small,37522,462955.9,12,33523.42,6/14/2022,429432.48,,
L0118,FIS_0118,Fisheries,Volta,467735,26.15,2/25/2023,4/6/2025,Defaulted,Micro,450253,590047.7,25,35456.75,3/7/2025,554590.95,,
L0119,TRA_0119,Trade,Upper East,402367,24.15,1/1/2022,7/18/2024,Late Payment,Micro,375459,499538.63,30,499538.63,8/4/2024,0,,
L0121,TRA_0121,Trade,Western,276367,28.79,10/10/2021,11/29/2022,Late Payment,Medium,58873,355933.06,13,355933.06,12/7/2022,0,,
L0122,TRA_0122,Trade,Northern,377094,20.75,11/18/2023,7/6/2025,Late Payment,Medium,84132,455341.01,19,455341.01,7/11/2025,0,,
L0123,ENE_0123,Energy & Utilities,Northern,415681,15.93,7/10/2023,3/25/2025,Paid,Micro,216370,481898.98,20,481898.98,3/20/2025,0,,
L0124,MAN_0124,Manufacturing,Greater Accra,301171,30.77,5/12/2019,2/13/2021,Defaulted,Medium,298189,393841.32,21,38054.51,1/14/2021,355786.81,,
L0125,ENE_0125,Energy & Utilities,Upper East,194191,27.14,1/6/2018,2/18/2020,Defaulted,Small,104780,246894.44,25,21821.85,1/19/2020,225072.59,,
L0126,MAN_0126,Manufacturing,Volta,330632,33.37,11/26/2021,9/12/2024,Defaulted,Medium,197301,440963.9,34,34292.08,8/13/2024,406671.82,,
L0127,MAN_0127,Manufacturing,Volta,125044,17.15,5/18/2021,8/7/2023,Late Payment,Micro,44965,146489.05,27,146489.05,8/13/2023,0,,
L0128,AGR_0128,Agriculture,Northern,108738,33.65,6/25/2019,8/3/2021,Late Payment,Medium,21533,145328.34,25,145328.34,8/17/2021,0,,
L0129,FIS_0129,Fisheries,Ashanti,285157,16.96,7/14/2022,10/13/2023,Defaulted,Micro,21783,333519.63,15,23535.42,9/13/2023,309984.21,,
L0130,FIS_0130,Fisheries,Ashanti,334648,25.34,1/5/2022,6/15/2024,Late Payment,Small,312866,419447.8,29,419447.8,6/30/2024,0,,
L0131,AGR_0131,Agriculture,Ashanti,196939,26.58,6/20/2020,1/1/2022,Defaulted,Micro,31647,249285.39,18,20226.09,12/2/2021,229059.3,,
L0132,TRA_0132,Trade,Northern,319706,11.01,6/9/2023,6/28/2024,Defaulted,Small,62308,354905.63,12,24626.05,5/29/2024,330279.58,,
L0133,MAN_0133,Manufacturing,Volta,312757,27.56,5/28/2022,9/18/2023,Late Payment,Micro,173546,398952.83,15,398952.83,9/30/2023,0,,
L0134,AGR_0134,Agriculture,Western,422643,27.17,1/24/2023,4/25/2024,Late Payment,Micro,353306,537475.1,15,537475.1,5/11/2024,0,,
L0135,ENE_0135,Energy & Utilities,Western,416208,10.27,5/3/2022,9/27/2024,Paid,Micro,224358,458952.56,29,458952.56,9/22/2024,0,,
L0136,TRA_0136,Trade,Central,124258,16.85,9/3/2020,11/13/2021,Paid,Small,32529,145195.47,14,145195.47,11/8/2021,0,,
L0137,AGR_0137,Agriculture,Upper West,469813,16.96,5/5/2018,5/1/2021,Paid,Small,437083,549493.28,36,549493.28,4/27/2021,0,,
L0138,FIS_0138,Fisheries,Upper East,296973,13.59,10/2/2022,9/26/2025,Defaulted,Medium,65647,337331.63,36,32743.05,8/27/2025,304588.58,,
L0140,TRA_0140,Trade,Upper East,423632,16.44,11/12/2019,4/5/2021,Defaulted,Micro,25435,493277.1,17,30829.39,3/6/2021,462447.71,,
L0141,FIS_0141,Fisheries,Northern,180730,15.31,3/26/2023,5/29/2024,Late Payment,Small,102876,208399.76,14,208399.76,6/1/2024,0,,
L0142,FIS_0142,Fisheries,Greater Accra,333445,13.45,12/7/2023,10/1/2026,Paid,Small,104824,378293.35,34,378293.35,10/1/2026,0,,
L0143,TRA_0143,Trade,Central,82306,13.08,1/28/2023,4/19/2025,Defaulted,Medium,27586,93071.62,27,4822.96,3/20/2025,88248.66,,
L0144,ENE_0144,Energy & Utilities,Greater Accra,83324,33.59,9/19/2020,12/1/2022,Late Payment,Small,48698,111312.53,26,111312.53,12/6/2022,0,,
L0145,TRA_0145,Trade,Volta,423983,12.3,6/21/2022,9/18/2024,Late Payment,Small,404277,476132.91,27,476132.91,9/24/2024,0,,
L0146,ENE_0146,Energy & Utilities,Upper East,173603,30.49,6/23/2019,9/18/2021,Late Payment,Small,66716,226534.55,27,226534.55,9/27/2021,0,,
L0147,TRA_0147,Trade,Central,313402,18.2,3/20/2023,8/21/2024,Defaulted,Medium,58571,370441.16,17,35631.48,7/22/2024,334809.68,,
L0148,MAN_0148,Manufacturing,Volta,369275,20.58,1/21/2022,7/4/2023,Paid,Micro,258312,445271.8,17,445271.8,7/4/2023,0,,
L0149,FIS_0149,Fisheries,Upper West,88298,26.68,4/7/2020,6/3/2021,Defaulted,Small,49829,111855.91,14,5739.11,5/4/2021,106116.8,,
L0150,AGR_0150,Agriculture,Greater Accra,198648,29.69,4/23/2018,7/3/2019,Late Payment,Micro,95618,257626.59,14,257626.59,7/18/2019,0,,
L0151,ENE_0151,Energy & Utilities,Upper West,70082,15.1,8/7/2021,4/4/2023,Late Payment,Micro,35074,80664.38,20,80664.38,4/23/2023,0,,
L0152,FIS_0152,Fisheries,Upper East,496237,24.37,4/9/2023,3/6/2026,Paid,Micro,454180,617169.96,35,617169.96,3/1/2026,0,,
L0153,TRA_0153,Trade,Volta,243562,14.61,5/20/2018,6/24/2019,Paid,Medium,120614,279146.41,13,279146.41,6/24/2019,0,,
L0154,MAN_0154,Manufacturing,Volta,126490,30.29,9/14/2023,7/21/2026,Paid,Small,107399,164803.82,34,164803.82,7/20/2026,0,,
L0156,AGR_0156,Agriculture,Ashanti,424705,19.75,2/15/2023,6/6/2025,Late Payment,Micro,8542,508584.24,28,508584.24,6/23/2025,0,,
L0157,FIS_0157,Fisheries,Upper West,349435,22.39,9/2/2021,3/29/2023,Paid,Micro,86267,427673.5,19,427673.5,3/26/2023,0,,
L0158,FIS_0158,Fisheries,Central,378215,22.31,10/27/2022,6/10/2025,Paid,Small,201054,462594.77,31,462594.77,6/7/2025,0,,
L0159,ENE_0159,Energy & Utilities,Upper East,19151,16.18,10/17/2019,3/22/2021,Defaulted,Small,17504,22249.63,17,1359.1,2/20/2021,20890.53,,
L0160,FIS_0160,Fisheries,Greater Accra,381511,13.55,4/21/2019,8/10/2021,Late Payment,Small,64059,433205.74,28,433205.74,8/15/2021,0,,
L0161,MAN_0161,Manufacturing,Greater Accra,470078,25.18,3/28/2019,3/2/2021,Paid,Micro,170966,588443.64,23,588443.64,2/28/2021,0,,
L0162,ENE_0162,Energy & Utilities,Central,146643,16.53,12/18/2018,8/18/2020,Defaulted,Medium,40937,170883.09,20,16644.63,7/19/2020,154238.46,,
L0163,AGR_0163,Agriculture,Ashanti,449818,33.87,6/7/2020,5/15/2023,Defaulted,Medium,246486,602171.36,35,38493.64,4/15/2023,563677.72,,
L0164,TRA_0164,Trade,Eastern,436811,22.03,11/20/2019,1/22/2021,Paid,Small,7208,533040.46,14,533040.46,1/17/2021,0,,
L0165,TRA_0165,Trade,Greater Accra,215685,24.2,7/23/2019,7/24/2021,Late Payment,Medium,35227,267880.77,24,267880.77,7/27/2021,0,,
L0166,AGR_0166,Agriculture,Upper West,323195,32.29,2/12/2021,4/18/2022,Late Payment,Micro,155002,427554.67,14,427554.67,5/1/2022,0,,
L0167,ENE_0167,Energy & Utilities,Northern,485314,22.05,6/14/2022,10/27/2023,Defaulted,Small,5682,592325.74,16,40769,9/27/2023,551556.74,,
L0168,MAN_0168,Manufacturing,Central,167394,25.12,2/1/2019,8/22/2021,Paid,Small,82999,209443.37,31,209443.37,8/20/2021,0,,
L0169,ENE_0169,Energy & Utilities,Ashanti,90100,26.33,10/7/2021,7/13/2023,Paid,Micro,54108,113823.33,21,113823.33,7/11/2023,0,,
L0170,AGR_0170,Agriculture,Eastern,100169,14.46,7/22/2022,4/23/2025,Defaulted,Small,96643,114653.44,33,10086.56,3/24/2025,104566.88,,
L0171,ENE_0171,Energy & Utilities,Greater Accra,186516,17.63,8/27/2019,3/11/2021,Paid,Micro,132964,219398.77,18,219398.77,3/7/2021,0,,
L0172,AGR_0172,Agriculture,Northern,146681,28.72,3/7/2018,6/1/2020,Paid,Small,5416,188807.78,27,188807.78,5/28/2020,0,,
L0173,AGR_0173,Agriculture,Central,444408,15.56,5/26/2020,2/25/2023,Paid,Small,197331,513557.88,33,513557.88,2/20/2023,0,,
L0174,FIS_0174,Fisheries,Central,33538,27.2,4/20/2018,12/26/2020,Paid,Medium,29631,42660.34,32,42660.34,12/21/2020,0,,
L0175,TRA_0175,Trade,Western,250084,34.87,11/12/2019,5/20/2021,Defaulted,Medium,88112,337288.29,18,28188.36,4/20/2021,309099.93,,
L0176,MAN_0176,Manufacturing,Eastern,92170,26.48,10/11/2018,6/17/2021,Late Payment,Small,10365,116576.62,32,116576.62,6/25/2021,0,,
L0177,FIS_0177,Fisheries,Ashanti,21499,25.23,4/11/2020,5/20/2022,Paid,Medium,20084,26923.2,25,26923.2,5/17/2022,0,,
L0178,MAN_0178,Manufacturing,Western,144941,11.57,1/21/2023,2/23/2025,Paid,Medium,14393,161710.67,25,161710.67,2/23/2025,0,,
L0179,TRA_0179,Trade,Greater Accra,498655,27.37,3/23/2018,2/1/2021,Late Payment,Medium,490137,635136.87,34,635136.87,2/6/2021,0,,
L0180,MAN_0180,Manufacturing,Ashanti,395066,17.3,5/19/2022,1/9/2025,Defaulted,Micro,280748,463412.42,32,31075.24,12/10/2024,432337.18,,
L0181,FIS_0181,Fisheries,Western,207952,31.47,12/20/2018,6/14/2020,Late Payment,Micro,156854,273394.49,18,273394.49,6/24/2020,0,,
L0182,FIS_0182,Fisheries,Eastern,105420,22.63,1/6/2020,6/12/2021,Defaulted,Micro,93465,129276.55,17,6697.76,5/13/2021,122578.79,,
L0183,ENE_0183,Energy & Utilities,Upper East,109598,30.29,1/3/2018,10/30/2020,Late Payment,Small,28681,142795.23,34,142795.23,10/31/2020,0,,
L0184,TRA_0184,Trade,Western,378462,23.77,7/13/2022,7/19/2024,Defaulted,Medium,235070,468422.42,24,45249.93,6/19/2024,423172.49,,
L0186,MAN_0186,Manufacturing,Central,78389,20.28,6/27/2018,11/18/2019,Defaulted,Small,18817,94286.29,16,6809.8,10/19/2019,87476.49,,
L0187,AGR_0187,Agriculture,Central,404898,32.17,2/3/2021,3/11/2023,Paid,Micro,48766,535153.69,25,535153.69,3/8/2023,0,,
L0188,MAN_0188,Manufacturing,Upper West,422823,18.72,9/16/2022,6/7/2025,Defaulted,Small,258246,501975.47,33,28901.82,5/8/2025,473073.65,,
L0189,MAN_0189,Manufacturing,Western,346370,34.89,6/5/2023,9/12/2025,Late Payment,Small,85784,467218.49,27,467218.49,9/27/2025,0,,
L0190,ENE_0190,Energy & Utilities,Northern,42147,30.83,1/3/2019,12/7/2020,Paid,Micro,25960,55140.92,23,55140.92,12/6/2020,0,,
L0191,TRA_0191,Trade,Eastern,431637,27.47,1/27/2021,10/12/2023,Defaulted,Micro,285891,550207.68,32,49282.17,9/12/2023,500925.51,,
L0192,MAN_0192,Manufacturing,Northern,221503,33.84,5/19/2019,5/26/2021,Late Payment,Small,140551,296459.62,24,296459.62,6/11/2021,0,,
L0193,FIS_0193,Fisheries,Eastern,243489,10.82,2/13/2018,9/28/2020,Paid,Small,5211,269834.51,31,269834.51,9/28/2020,0,,
L0194,MAN_0194,Manufacturing,Volta,367439,29.57,9/10/2019,9/28/2021,Late Payment,Medium,300843,476090.71,24,476090.71,10/4/2021,0,,
L0195,FIS_0195,Fisheries,Greater Accra,462023,13.68,6/19/2018,7/14/2020,Paid,Medium,409336,525227.75,25,525227.75,7/13/2020,0,,
L0196,ENE_0196,Energy & Utilities,Eastern,14646,32.69,1/21/2020,10/10/2021,Paid,Micro,12636,19433.78,20,19433.78,10/8/2021,0,,
L0197,ENE_0197,Energy & Utilities,Ashanti,293543,19.01,4/18/2022,9/1/2024,Paid,Medium,112216,349345.52,28,349345.52,9/1/2024,0,,
L0198,MAN_0198,Manufacturing,Central,137774,26.5,4/2/2021,5/27/2022,Defaulted,Small,105201,174284.11,14,10598.34,4/27/2022,163685.77,,
L0199,ENE_0199,Energy & Utilities,Northern,284147,31.23,8/9/2023,7/20/2025,Paid,Medium,205735,372886.11,23,372886.11,7/16/2025,0,,
L0200,FIS_0200,Fisheries,Upper East,184771,23.49,3/7/2019,10/21/2021,Defaulted,Small,48919,228173.71,31,13605.79,9/21/2021,214567.92,,
L0201,AGR_0201,Agriculture,Central,131398,34.61,5/14/2022,5/11/2024,Late Payment,Medium,88258,176874.85,24,176874.85,5/30/2024,0,,
L0202,ENE_0202,Energy & Utilities,Northern,76834,17.52,10/2/2023,6/20/2025,Late Payment,Micro,54705,90295.32,20,90295.32,6/26/2025,0,,
L0203,MAN_0203,Manufacturing,Upper East,79082,24,11/10/2021,10/7/2023,Late Payment,Medium,18153,98061.68,23,98061.68,10/16/2023,0,,
L0204,AGR_0204,Agriculture,Western,259960,25.14,5/25/2021,9/26/2023,Defaulted,Medium,6319,325313.94,28,23572.71,8/27/2023,301741.23,,
L0205,MAN_0205,Manufacturing,Upper East,78711,24.86,10/15/2021,4/26/2024,Paid,Small,47628,98278.55,30,98278.55,4/24/2024,0,,
L0206,TRA_0206,Trade,Upper West,393406,33.49,7/23/2023,4/16/2026,Paid,Medium,255642,525157.67,33,525157.67,4/14/2026,0,,
L0207,TRA_0207,Trade,Volta,148980,10.23,2/2/2022,7/1/2023,Late Payment,Small,136572,164220.65,17,164220.65,7/16/2023,0,,
L0208,TRA_0208,Trade,Upper West,228625,16.54,2/16/2021,4/1/2022,Paid,Micro,98718,266439.58,13,266439.58,3/29/2022,0,,
L0209,FIS_0209,Fisheries,Upper East,374342,32.96,3/19/2023,8/26/2025,Paid,Small,355535,497725.12,29,497725.12,8/23/2025,0,,
L0210,MAN_0210,Manufacturing,Eastern,267133,20.77,5/28/2020,2/7/2022,Paid,Small,241321,322616.52,20,322616.52,2/4/2022,0,,
L0211,TRA_0211,Trade,Ashanti,171102,11.95,5/20/2021,6/24/2022,Defaulted,Small,22330,191548.69,13,18695.29,5/25/2022,172853.4,,
L0212,ENE_0212,Energy & Utilities,Northern,230108,19.19,12/7/2023,10/31/2026,Late Payment,Small,119705,274265.73,35,274265.73,11/13/2026,0,,
L0213,AGR_0213,Agriculture,Greater Accra,482298,28.63,8/24/2020,8/19/2022,Defaulted,Medium,478192,620379.92,24,34216.49,7/20/2022,586163.43,,
L0214,MAN_0214,Manufacturing,Ashanti,313095,32.96,10/9/2021,9/7/2023,Late Payment,Small,295560,416291.11,23,416291.11,9/27/2023,0,,
L0215,TRA_0215,Trade,Eastern,400404,19.89,6/16/2022,8/20/2024,Late Payment,Small,215635,480044.36,26,480044.36,8/23/2024,0,,
L0216,AGR_0216,Agriculture,Greater Accra,150671,21.73,2/23/2021,8/11/2022,Late Payment,Small,56007,183411.81,17,183411.81,8/17/2022,0,,
L0217,FIS_0217,Fisheries,Volta,297974,22.59,4/22/2019,4/2/2022,Paid,Small,13249,365286.33,35,365286.33,3/31/2022,0,,
L0219,TRA_0219,Trade,Greater Accra,119392,34.23,5/22/2022,9/4/2024,Late Payment,Small,16409,160259.88,27,160259.88,9/5/2024,0,,
L0220,TRA_0220,Trade,Upper East,115004,25.14,6/4/2019,2/7/2021,Late Payment,Micro,81994,143916.01,20,143916.01,2/9/2021,0,,
L0221,ENE_0221,Energy & Utilities,Upper East,26044,26.6,5/23/2021,5/13/2023,Defaulted,Small,24416,32971.7,24,2347.22,4/13/2023,30624.48,,
L0222,ENE_0222,Energy & Utilities,Ashanti,437973,10.84,10/17/2023,10/21/2024,Late Payment,Micro,294060,485449.27,12,485449.27,11/10/2024,0,,
L0223,TRA_0223,Trade,Ashanti,279045,32.74,3/8/2021,6/14/2023,Defaulted,Small,189253,370404.33,27,28513.1,5/15/2023,341891.23,,
L0224,MAN_0224,Manufacturing,Western,373493,31.88,2/20/2018,6/7/2020,Late Payment,Micro,355556,492562.57,27,492562.57,6/24/2020,0,,
L0225,ENE_0225,Energy & Utilities,Central,387255,24.84,11/5/2023,5/24/2026,Late Payment,Small,276645,483449.14,31,483449.14,6/3/2026,0,,
L0226,ENE_0226,Energy & Utilities,Ashanti,472294,15.68,6/9/2020,5/3/2022,Late Payment,Small,425483,546349.7,23,546349.7,5/4/2022,0,,
L0227,FIS_0227,Fisheries,Volta,316869,12.65,6/15/2019,11/30/2021,Defaulted,Micro,115433,356952.93,29,31462.79,10/31/2021,325490.14,,
L0228,TRA_0228,Trade,Upper West,76987,26.93,3/19/2019,7/13/2020,Defaulted,Medium,49458,97719.6,16,5779.85,6/13/2020,91939.75,,
L0229,AGR_0229,Agriculture,Eastern,371839,21.04,6/8/2022,7/14/2023,Defaulted,Micro,153371,450073.93,13,38776.66,6/14/2023,411297.27,,
L0230,AGR_0230,Agriculture,Western,88063,30.81,4/16/2019,6/1/2020,Defaulted,Small,86990,115195.21,13,10463.75,5/2/2020,104731.46,,
L0231,AGR_0231,Agriculture,Greater Accra,457153,25.11,10/17/2022,3/11/2025,Paid,Micro,180843,571944.12,29,571944.12,3/8/2025,0,,
L0232,TRA_0232,Trade,Ashanti,265582,21.34,5/28/2023,1/13/2025,Paid,Medium,54121,322257.2,19,322257.2,1/12/2025,0,,
L0233,ENE_0233,Energy & Utilities,Northern,330324,10.51,11/16/2018,5/15/2021,Paid,Medium,184948,365041.05,30,365041.05,5/15/2021,0,,
L0234,FIS_0234,Fisheries,Central,282805,31.26,9/18/2021,3/29/2023,Defaulted,Small,270421,371209.84,18,35909.26,2/27/2023,335300.58,,
L0235,TRA_0235,Trade,Western,298742,13.62,11/4/2019,2/22/2022,Defaulted,Medium,147229,339430.66,28,22535.95,1/23/2022,316894.71,,
L0236,TRA_0236,Trade,Ashanti,359763,14.23,8/27/2018,2/11/2021,Late Payment,Micro,117185,410957.27,29,410957.27,3/2/2021,0,,
L0237,ENE_0237,Energy & Utilities,Northern,394517,30.42,5/16/2020,2/15/2022,Paid,Small,360616,514529.07,21,514529.07,2/13/2022,0,,
L0238,MAN_0238,Manufacturing,Central,207798,26.16,4/28/2022,8/7/2024,Defaulted,Micro,45188,262157.96,27,19519.45,7/8/2024,242638.51,,
L0239,FIS_0239,Fisheries,Central,80953,24.04,6/15/2023,6/28/2024,Paid,Medium,11749,100414.1,12,100414.1,6/28/2024,0,,
L0240,AGR_0240,Agriculture,Ashanti,362761,26.65,2/24/2021,6/8/2022,Late Payment,Medium,107794,459436.81,15,459436.81,6/26/2022,0,,
L0241,AGR_0241,Agriculture,Northern,461366,29.08,7/27/2019,8/12/2021,Late Payment,Medium,24114,595531.23,24,595531.23,8/22/2021,0,,
L0242,ENE_0242,Energy & Utilities,Northern,251863,34.71,12/8/2023,8/10/2026,Defaulted,Micro,122927,339284.65,32,30822.64,7/11/2026,308462.01,,
L0243,MAN_0243,Manufacturing,Greater Accra,378058,16.79,11/23/2022,9/2/2025,Defaulted,Micro,26089,441533.94,33,34709.34,8/3/2025,406824.6,,
L0245,TRA_0245,Trade,Northern,261181,10.39,2/2/2018,3/17/2020,Late Payment,Small,75796,288317.71,25,288317.71,3/29/2020,0,,
L0246,FIS_0246,Fisheries,Central,463826,16.85,5/26/2019,10/3/2021,Defaulted,Medium,277031,541980.68,28,29793.59,9/3/2021,512187.09,,
L0247,MAN_0247,Manufacturing,Central,423044,31.4,12/22/2021,6/1/2023,Paid,Micro,420301,555879.82,17,555879.82,5/31/2023,0,,
L0248,AGR_0248,Agriculture,Central,30607,14.12,4/5/2021,3/19/2024,Late Payment,Micro,14083,34928.71,35,34928.71,3/24/2024,0,,
L0250,ENE_0250,Energy & Utilities,Greater Accra,200627,28.2,10/7/2022,8/18/2024,Late Payment,Micro,42092,257203.81,22,257203.81,8/24/2024,0,,
L0251,TRA_0251,Trade,Central,106757,23.9,4/25/2018,3/13/2020,Defaulted,Medium,105420,132271.92,22,8848.3,2/12/2020,123423.62,,
L0252,TRA_0252,Trade,Central,392385,16.5,5/12/2023,3/23/2026,Defaulted,Micro,166198,457128.53,34,43016.52,2/21/2026,414112.01,,
L0253,FIS_0253,Fisheries,Western,45842,21.54,2/2/2023,3/19/2025,Late Payment,Medium,22724,55716.37,25,55716.37,4/3/2025,0,,
L0254,FIS_0254,Fisheries,Volta,297998,18.95,6/11/2022,4/3/2025,Defaulted,Micro,183300,354468.62,34,32315.88,3/4/2025,322152.74,,
L0255,AGR_0255,Agriculture,Ashanti,480458,30.73,3/14/2021,6/2/2022,Late Payment,Micro,380657,628102.74,14,628102.74,6/16/2022,0,,
L0256,FIS_0256,Fisheries,Upper East,190905,21.01,12/17/2018,7/5/2020,Defaulted,Micro,180787,231014.14,18,12733.26,6/5/2020,218280.88,,
L0257,TRA_0257,Trade,Eastern,372823,18.81,2/17/2021,2/5/2024,Defaulted,Small,201581,442951.01,36,43722.92,1/6/2024,399228.09,,
L0258,FIS_0258,Fisheries,Central,26413,27.62,11/20/2018,9/9/2021,Paid,Medium,8694,33708.27,34,33708.27,9/6/2021,0,,
L0259,AGR_0259,Agriculture,Volta,223420,22.13,8/24/2018,11/15/2020,Paid,Micro,210235,272862.85,27,272862.85,11/14/2020,0,,
L0260,TRA_0260,Trade,Volta,24326,16.3,3/26/2019,1/10/2021,Late Payment,Medium,12855,28291.14,21,28291.14,1/15/2021,0,,
L0261,AGR_0261,Agriculture,Eastern,45003,15.24,4/19/2018,12/31/2019,Defaulted,Micro,24417,51861.46,20,3482.67,12/1/2019,48378.79,,
L0262,FIS_0262,Fisheries,Volta,429809,15.54,11/23/2019,1/19/2021,Defaulted,Micro,81928,496601.32,14,25570.49,12/20/2020,471030.83,,
L0263,AGR_0263,Agriculture,Western,123990,23.72,1/17/2019,6/22/2021,Defaulted,Micro,103883,153400.43,29,13309.85,5/23/2021,140090.58,,
L0264,FIS_0264,Fisheries,Central,89467,25.95,8/2/2023,12/20/2024,Paid,Small,87731,112683.69,16,112683.69,12/18/2024,0,,
L0265,ENE_0265,Energy & Utilities,Northern,212611,10.62,4/17/2020,3/17/2022,Paid,Small,155667,235190.29,23,235190.29,3/17/2022,0,,
L0266,AGR_0266,Agriculture,Greater Accra,330359,10.44,7/5/2018,10/23/2020,Paid,Small,20004,364848.48,28,364848.48,10/22/2020,0,,
L0267,ENE_0267,Energy & Utilities,Eastern,381296,25.42,2/9/2019,3/23/2020,Late Payment,Medium,21695,478221.44,13,478221.44,3/26/2020,0,,
L0268,ENE_0268,Energy & Utilities,Eastern,332898,19.63,2/5/2021,11/20/2022,Late Payment,Medium,320026,398245.88,21,398245.88,11/27/2022,0,,
L0269,ENE_0269,Energy & Utilities,Northern,229182,17.6,1/22/2021,9/29/2023,Defaulted,Micro,171806,269518.03,32,14567.27,8/30/2023,254950.76,,
L0270,ENE_0270,Energy & Utilities,Greater Accra,395163,24.63,5/5/2022,7/17/2024,Paid,Small,292791,492491.65,26,492491.65,7/16/2024,0,,
L0271,FIS_0271,Fisheries,Northern,85666,26.62,11/11/2019,8/4/2022,Paid,Micro,67717,108470.29,33,108470.29,8/2/2022,0,,
L0272,MAN_0272,Manufacturing,Upper East,38433,30.69,8/26/2023,12/16/2024,Defaulted,Small,11319,50228.09,15,2972.41,11/16/2024,47255.68,,
L0273,TRA_0273,Trade,Central,134590,33.51,3/1/2019,6/4/2021,Paid,Medium,9168,179691.11,27,179691.11,6/3/2021,0,,
L0274,MAN_0274,Manufacturing,Northern,168042,17.32,10/13/2018,6/10/2020,Paid,Medium,33676,197146.87,20,197146.87,6/8/2020,0,,
L0275,ENE_0275,Energy & Utilities,Volta,22230,17.37,10/18/2018,4/17/2020,Late Payment,Small,9164,26091.35,18,26091.35,5/6/2020,0,,
L0276,FIS_0276,Fisheries,Northern,366693,33.81,6/6/2018,3/23/2021,Late Payment,Micro,178700,490671.9,34,490671.9,4/8/2021,0,,
L0277,FIS_0277,Fisheries,Northern,493802,23.67,9/2/2018,7/1/2020,Paid,Micro,111525,610684.93,22,610684.93,6/27/2020,0,,
L0278,AGR_0278,Agriculture,Central,279026,14.48,9/8/2023,11/13/2024,Paid,Medium,193048,319428.96,14,319428.96,11/11/2024,0,,
L0279,MAN_0279,Manufacturing,Western,71592,19.19,8/22/2018,7/12/2020,Defaulted,Medium,39853,85330.5,23,6629.16,6/12/2020,78701.34,,
L0280,AGR_0280,Agriculture,Northern,67908,29.57,4/12/2022,12/15/2023,Defaulted,Micro,37835,87988.4,20,4416.77,11/15/2023,83571.63,,
L0281,ENE_0281,Energy & Utilities,Central,399379,31.28,12/20/2022,9/15/2024,Paid,Medium,275072,524304.75,21,524304.75,9/13/2024,0,,
L0282,MAN_0282,Manufacturing,Volta,335621,30.46,2/24/2020,3/10/2021,Paid,Small,140545,437851.16,12,437851.16,3/5/2021,0,,
L0283,TRA_0283,Trade,Upper West,14864,25.86,7/22/2023,8/27/2025,Late Payment,Small,5565,18707.83,25,18707.83,9/6/2025,,,
L0284,MAN_0284,Manufacturing,Central,269903,10.09,5/25/2018,5/4/2021,Late Payment,Small,217646,297136.21,35,297136.21,5/23/2021,0,,
L0285,TRA_0285,Trade,Greater Accra,55630,20.72,7/5/2021,6/11/2023,Paid,Medium,32467,67156.54,23,67156.54,6/6/2023,0,,
L0286,ENE_0286,Energy & Utilities,Northern,118292,28.97,10/1/2022,5/14/2024,Defaulted,Medium,111663,152561.19,19,13857.01,4/14/2024,138704.18,,
L0287,ENE_0287,Energy & Utilities,Greater Accra,262851,34.22,12/9/2018,2/16/2021,Defaulted,Medium,133695,352798.61,26,22996.03,1/17/2021,329802.58,,
L0288,ENE_0288,Energy & Utilities,Upper East,383592,25.98,1/26/2019,12/27/2020,Paid,Small,378162,483249.2,23,483249.2,12/27/2020,0,,
L0289,MAN_0289,Manufacturing,Greater Accra,440099,11.97,7/28/2020,3/8/2023,Paid,Small,35918,492778.85,31,492778.85,3/8/2023,0,,
L0290,AGR_0290,Agriculture,Upper West,390704,11.11,9/6/2019,8/25/2021,Late Payment,Micro,297428,434111.21,23,434111.21,9/7/2021,0,,
L0291,AGR_0291,Agriculture,Western,249015,18.77,11/22/2018,12/7/2020,Late Payment,Medium,98774,295755.12,24,295755.12,12/22/2020,0,,
L0292,MAN_0292,Manufacturing,Volta,432620,32.59,6/24/2019,3/1/2021,Paid,Medium,330766,573610.86,20,573610.86,2/24/2021,,,
L0293,TRA_0293,Trade,Central,185423,34.87,2/24/2018,7/6/2019,Late Payment,Medium,70006,250080,16,250080,7/25/2019,0,,
L0294,TRA_0294,Trade,Central,152398,31.46,1/26/2020,5/1/2022,Paid,Micro,77476,200342.41,27,200342.41,5/1/2022,0,,
L0295,FIS_0295,Fisheries,Northern,184149,28.19,7/1/2021,10/4/2022,Defaulted,Medium,61391,236060.6,15,14976.4,9/4/2022,221084.2,,
L0296,MAN_0296,Manufacturing,Upper West,86706,34.78,6/21/2023,5/22/2025,Late Payment,Medium,44314,116862.35,23,116862.35,5/31/2025,0,,
L0297,AGR_0297,Agriculture,Central,205315,10.94,11/11/2023,2/3/2025,Defaulted,Medium,99099,227776.46,15,12925.67,1/4/2025,214850.79,,
L0298,MAN_0298,Manufacturing,Upper West,492466,34.71,12/3/2023,12/28/2025,Late Payment,Small,64092,663400.95,25,663400.95,1/9/2026,0,,
L0299,MAN_0299,Manufacturing,Upper East,381313,20.2,7/17/2022,6/17/2025,Defaulted,Medium,348016,458338.23,35,27695.36,5/18/2025,430642.87,,
L0300,ENE_0300,Energy & Utilities,Upper West,467614,33.31,3/15/2022,9/2/2024,Defaulted,Medium,14764,623376.22,30,55449.58,8/3/2024,567926.64,,
L0301,AGR_0301,Agriculture,Northern,94309,18.99,1/14/2021,10/22/2023,Late Payment,Micro,25870,112218.28,33,112218.28,10/29/2023,0,,
L0302,AGR_0302,Agriculture,Upper East,320951,16.57,10/25/2019,10/27/2020,Late Payment,Medium,95022,374132.58,12,374132.58,10/31/2020,0,,
L0303,FIS_0303,Fisheries,Central,238840,23.53,10/20/2019,1/21/2021,Defaulted,Medium,177984,295039.05,15,17931.09,12/22/2020,277107.96,,
L0304,TRA_0304,Trade,Volta,494570,28.57,11/9/2019,7/2/2022,Late Payment,Medium,257686,635868.65,32,635868.65,7/12/2022,0,,
L0305,TRA_0305,Trade,Western,191110,19.43,10/2/2023,9/8/2025,Paid,Micro,140742,228242.67,23,228242.67,9/8/2025,0,,
L0306,FIS_0306,Fisheries,Upper East,40869,27.44,9/6/2022,9/25/2023,Defaulted,Small,28565,52083.45,12,4232.36,8/26/2023,47851.09,,
L0307,TRA_0307,Trade,Upper East,211543,15.13,9/13/2019,10/17/2020,Paid,Micro,52024,243549.46,13,243549.46,10/14/2020,0,,
L0308,ENE_0308,Energy & Utilities,Volta,145829,10.61,9/27/2018,4/7/2020,Paid,Small,142560,161301.46,18,161301.46,4/4/2020,0,,
L0309,TRA_0309,Trade,Volta,137887,10.57,7/3/2019,8/14/2021,Late Payment,Small,115200,152461.66,25,152461.66,8/17/2021,0,,
L0310,MAN_0310,Manufacturing,Upper East,16372,22.04,9/11/2018,8/16/2020,Paid,Medium,5334,19980.39,23,19980.39,8/12/2020,0,,
L0311,TRA_0311,Trade,Western,21426,34.74,2/4/2023,2/26/2024,Late Payment,Small,13381,28869.39,12,28869.39,3/17/2024,0,,
L0312,MAN_0312,Manufacturing,Upper West,359056,10.84,1/11/2022,5/11/2023,Late Payment,Small,136195,397977.67,16,397977.67,5/17/2023,0,,
L0313,MAN_0313,Manufacturing,Volta,25373,34.25,4/5/2020,1/4/2023,Paid,Medium,5747,34063.25,33,34063.25,1/4/2023,,,
L0314,TRA_0314,Trade,Greater Accra,381817,22.77,12/6/2021,6/27/2023,Late Payment,Medium,279877,468756.73,18,468756.73,7/9/2023,0,,
L0315,TRA_0315,Trade,Ashanti,85716,23.31,10/6/2020,11/13/2021,Late Payment,Micro,42558,105696.4,13,105696.4,11/15/2021,0,,
L0316,FIS_0316,Fisheries,Upper West,199808,24.41,3/23/2019,3/26/2021,Late Payment,Micro,13265,248581.13,24,248581.13,3/31/2021,0,,
L0317,MAN_0317,Manufacturing,Volta,460973,11.02,9/16/2019,1/6/2021,Paid,Micro,210069,511772.22,15,511772.22,1/4/2021,0,,
L0318,TRA_0318,Trade,Greater Accra,461641,33.74,1/8/2018,4/8/2019,Late Payment,Small,91202,617398.67,15,617398.67,4/19/2019,,,
L0319,ENE_0319,Energy & Utilities,Volta,469700,24.44,6/8/2023,5/12/2026,Defaulted,Small,145024,584494.68,35,44165.42,4/12/2026,540329.26,,
L0320,FIS_0320,Fisheries,Ashanti,267193,21.8,4/2/2021,6/22/2023,Late Payment,Medium,110577,325441.07,27,325441.07,7/6/2023,0,,
L0321,ENE_0321,Energy & Utilities,Greater Accra,216156,23.56,5/23/2018,6/8/2020,Paid,Medium,196495,267082.35,24,267082.35,6/4/2020,0,,
L0322,ENE_0322,Energy & Utilities,Greater Accra,243270,28.98,9/8/2023,1/17/2025,Paid,Medium,172421,313769.65,16,313769.65,1/16/2025,0,,
L0323,ENE_0323,Energy & Utilities,Upper East,150226,13.57,9/2/2023,12/3/2025,Paid,Medium,131083,170611.67,27,170611.67,12/3/2025,0,,
L0324,FIS_0324,Fisheries,Volta,245262,10.43,2/15/2019,7/21/2021,Paid,Medium,165106,270842.83,29,270842.83,7/18/2021,0,,
L0325,TRA_0325,Trade,Eastern,62978,22.9,1/21/2022,9/20/2023,Defaulted,Micro,43894,77399.96,20,6498.02,8/21/2023,70901.94,,
L0326,AGR_0326,Agriculture,Eastern,463137,30.97,8/20/2021,6/12/2024,Late Payment,Small,343477,606570.53,34,606570.53,6/27/2024,0,,
L0327,TRA_0327,Trade,Upper East,468512,17.49,7/20/2021,7/6/2024,Paid,Micro,284005,550454.75,36,550454.75,7/3/2024,0,,
L0328,ENE_0328,Energy & Utilities,Eastern,134034,27.57,9/24/2018,11/25/2019,Paid,Medium,5757,170987.17,14,170987.17,11/23/2019,0,,
L0329,TRA_0329,Trade,Eastern,451719,13.83,2/3/2022,7/28/2024,Defaulted,Medium,350413,514191.74,30,40794.58,6/28/2024,473397.16,,
L0330,FIS_0330,Fisheries,Upper East,122744,24.56,8/23/2021,5/11/2024,Late Payment,Micro,29626,152889.93,33,152889.93,5/21/2024,0,,
L0331,TRA_0331,Trade,Western,354528,22.93,9/5/2021,9/12/2023,Paid,Micro,47920,435821.27,24,435821.27,9/10/2023,0,,
L0333,AGR_0333,Agriculture,Upper West,18533,25.05,9/23/2021,3/13/2024,Defaulted,Small,18099,23175.52,30,2091.27,2/12/2024,21084.25,,
L0334,FIS_0334,Fisheries,Ashanti,312164,34.22,7/20/2018,6/30/2021,Defaulted,Medium,268218,418986.52,35,39144.38,5/31/2021,379842.14,,
L0335,FIS_0335,Fisheries,Greater Accra,40720,11.43,8/17/2018,6/11/2020,Late Payment,Small,34466,45374.3,22,45374.3,6/22/2020,0,,
L0336,TRA_0336,Trade,Volta,196495,12.13,9/15/2018,1/6/2020,Paid,Medium,182450,220329.84,15,220329.84,1/2/2020,0,,
L0337,AGR_0337,Agriculture,Western,184956,33.42,8/26/2023,8/1/2025,Paid,Medium,82487,246768.3,23,246768.3,7/28/2025,0,,
L0338,FIS_0338,Fisheries,Northern,216174,20.05,8/25/2018,3/11/2021,Late Payment,Small,75407,259516.89,30,259516.89,3/13/2021,0,,
L0339,ENE_0339,Energy & Utilities,Eastern,193478,22.8,12/14/2022,9/22/2024,Paid,Micro,147149,237590.98,21,237590.98,9/20/2024,0,,
L0340,MAN_0340,Manufacturing,Western,47289,10.48,11/8/2022,7/23/2025,Paid,Small,25942,52244.89,32,52244.89,7/18/2025,0,,
L0341,ENE_0341,Energy & Utilities,Northern,444042,16.02,7/9/2021,5/12/2023,Defaulted,Small,276591,515177.53,22,45251.81,4/12/2023,469925.72,,
L0342,FIS_0342,Fisheries,Western,226151,15.88,8/8/2019,12/31/2020,Defaulted,Small,25699,262063.78,17,20179.14,12/1/2020,241884.64,,
L0343,ENE_0343,Energy & Utilities,Eastern,74175,27.69,5/7/2021,10/12/2022,Late Payment,Medium,30299,94714.06,17,94714.06,10/22/2022,0,,
L0344,MAN_0344,Manufacturing,Volta,309186,14.57,6/4/2019,7/19/2020,Paid,Micro,72953,354234.4,13,354234.4,7/19/2020,0,,
L0345,TRA_0345,Trade,Greater Accra,322941,32.28,9/28/2018,2/12/2021,Paid,Small,200364,427186.35,28,427186.35,2/12/2021,0,,
L0346,ENE_0346,Energy & Utilities,Ashanti,143755,10.95,8/25/2018,4/11/2021,Paid,Micro,46161,159496.17,32,159496.17,4/8/2021,0,,
L0347,MAN_0347,Manufacturing,Ashanti,435285,30.74,4/23/2022,7/10/2024,Late Payment,Small,173206,569091.61,26,569091.61,7/19/2024,0,,
L0349,ENE_0349,Energy & Utilities,Northern,445939,27.57,10/13/2021,1/28/2023,Late Payment,Small,105629,568884.38,15,568884.38,1/30/2023,0,,
L0350,AGR_0350,Agriculture,Upper West,234275,29.42,5/4/2021,8/1/2022,Paid,Small,27631,303198.71,15,303198.71,7/27/2022,0,,
L0351,MAN_0351,Manufacturing,Greater Accra,483205,29.03,2/11/2020,4/10/2022,Late Payment,Micro,410675,623479.41,26,623479.41,4/28/2022,0,,
L0352,ENE_0352,Energy & Utilities,Greater Accra,107206,32.06,4/14/2018,8/23/2020,Defaulted,Small,26280,141576.24,28,10536.23,7/24/2020,131040.01,,
L0353,AGR_0353,Agriculture,Volta,452799,16,9/10/2020,12/20/2022,Late Payment,Medium,242814,525246.84,27,525246.84,12/25/2022,0,,
L0354,MAN_0354,Manufacturing,Greater Accra,94544,18.16,2/3/2019,9/21/2020,Paid,Small,57365,111713.19,19,111713.19,9/20/2020,0,,
L0355,AGR_0355,Agriculture,Central,109456,25.63,11/10/2022,7/25/2025,Defaulted,Micro,87673,137509.57,32,13022.79,6/25/2025,124486.78,,
L0356,TRA_0356,Trade,Greater Accra,414004,23.91,7/6/2018,6/19/2021,Defaulted,Medium,43652,512992.36,35,49713.73,5/20/2021,463278.63,,
L0357,AGR_0357,Agriculture,Volta,391679,27.46,4/3/2022,4/21/2024,Defaulted,Small,49753,499234.05,24,47584.41,3/22/2024,451649.64,,
L0358,AGR_0358,Agriculture,Central,152689,29.21,3/25/2018,4/27/2019,Defaulted,Medium,122297,197289.46,13,17150.26,3/28/2019,180139.2,,
L0359,AGR_0359,Agriculture,Ashanti,411891,14.3,6/17/2023,4/23/2026,Late Payment,Small,324863,470791.41,34,470791.41,5/13/2026,0,,
L0360,AGR_0360,Agriculture,Central,348933,24.91,4/24/2022,4/30/2023,Paid,Micro,54152,435852.21,12,435852.21,4/28/2023,0,,
L0361,ENE_0361,Energy & Utilities,Greater Accra,21714,11.73,7/9/2021,12/23/2023,Defaulted,Small,6308,24261.05,29,1561.94,11/23/2023,22699.11,,
L0362,FIS_0362,Fisheries,Eastern,477474,34.82,5/20/2022,11/22/2024,Defaulted,Micro,317165,643730.45,30,52057.61,10/23/2024,591672.84,,
L0363,FIS_0363,Fisheries,Western,71227,25.95,10/3/2021,8/1/2024,Defaulted,Medium,32677,89710.41,34,8533.53,7/2/2024,81176.88,,
L0364,MAN_0364,Manufacturing,Western,477259,19.93,2/6/2020,6/14/2022,Defaulted,Micro,447733,572376.72,28,50847.62,5/15/2022,521529.1,,
L0365,MAN_0365,Manufacturing,Volta,237349,10.85,5/15/2019,11/28/2021,Paid,Micro,46103,263101.37,30,263101.37,11/27/2021,0,,
L0366,TRA_0366,Trade,Volta,434315,33.72,2/1/2018,6/16/2019,Late Payment,Small,17156,580766.02,16,580766.02,6/21/2019,0,,
L0367,TRA_0367,Trade,Upper East,319694,21.33,11/6/2023,3/7/2026,Paid,Medium,56405,387884.73,28,387884.73,3/6/2026,0,,
L0368,AGR_0368,Agriculture,Northern,207586,21.25,12/6/2020,7/18/2022,Defaulted,Medium,201665,251698.03,19,22942.03,6/18/2022,228756,,
L0370,FIS_0370,Fisheries,Northern,112477,14.69,3/2/2021,1/11/2024,Paid,Micro,18031,128999.87,34,128999.87,1/9/2024,0,,
L0371,AGR_0371,Agriculture,Volta,379531,26.64,10/10/2018,5/24/2020,Defaulted,Micro,269444,480638.06,19,42124.59,4/24/2020,438513.47,,
L0372,MAN_0372,Manufacturing,Eastern,111861,27.72,2/12/2020,5/29/2022,Late Payment,Micro,37344,142868.87,27,142868.87,6/11/2022,0,,
L0373,AGR_0373,Agriculture,Upper East,313507,19.02,3/8/2022,5/10/2023,Defaulted,Micro,170667,373136.03,14,37068.63,4/10/2023,336067.4,,
L0374,FIS_0374,Fisheries,Western,370010,19.81,11/10/2018,5/5/2021,Defaulted,Micro,341883,443308.98,30,23157.31,4/5/2021,420151.67,,
L0375,FIS_0375,Fisheries,Northern,56296,15.9,6/14/2019,8/16/2020,Paid,Micro,32194,65247.06,14,65247.06,8/13/2020,0,,
L0376,MAN_0376,Manufacturing,Upper West,55585,33.33,4/8/2021,6/12/2022,Defaulted,Medium,28799,74111.48,14,4528.93,5/13/2022,69582.55,,
L0377,MAN_0377,Manufacturing,Ashanti,362184,28.98,1/7/2018,6/27/2020,Defaulted,Micro,82218,467144.92,30,35787.38,5/28/2020,431357.54,,
L0378,FIS_0378,Fisheries,Western,289684,31.88,4/20/2018,2/20/2021,Late Payment,Small,177547,382035.26,34,382035.26,3/12/2021,0,,
L0379,FIS_0379,Fisheries,Greater Accra,235061,26.58,12/14/2019,11/28/2022,Late Payment,Small,50685,297540.21,36,297540.21,12/10/2022,0,,
L0380,FIS_0380,Fisheries,Central,228896,28.07,5/27/2020,1/27/2023,Late Payment,Micro,102178,293147.11,32,293147.11,1/28/2023,0,,
L0381,AGR_0381,Agriculture,Upper East,398187,11.58,3/6/2021,1/9/2024,Late Payment,Small,291593,444297.05,34,444297.05,1/18/2024,0,,
L0382,AGR_0382,Agriculture,Ashanti,445064,22.83,10/17/2020,5/20/2022,Paid,Small,12799,546672.11,19,546672.11,5/18/2022,0,,
L0383,AGR_0383,Agriculture,Volta,46839,11.17,12/9/2018,9/28/2020,Late Payment,Micro,30629,52070.92,21,52070.92,9/29/2020,0,,
L0384,AGR_0384,Agriculture,Volta,436749,21.93,1/13/2020,11/24/2021,Late Payment,Medium,350673,532528.06,,532528.06,12/12/2021,0,,
L0385,MAN_0385,Manufacturing,Volta,209793,27.81,9/6/2019,3/18/2022,Late Payment,Small,55829,268136.43,30,268136.43,3/28/2022,0,,
L0386,AGR_0386,Agriculture,Upper West,54331,29.59,2/14/2019,7/29/2020,Late Payment,Small,43926,70407.54,17,70407.54,8/1/2020,0,,
L0387,MAN_0387,Manufacturing,Central,192845,13.72,1/12/2018,5/1/2020,Late Payment,Micro,127907,219303.33,28,219303.33,5/13/2020,0,,
L0388,AGR_0388,Agriculture,Upper West,118203,18.53,5/4/2023,9/19/2025,Paid,Medium,57972,140106.02,28,140106.02,9/18/2025,0,,
L0389,AGR_0389,Agriculture,Upper West,260594,28.54,6/27/2021,12/25/2022,Late Payment,Medium,107101,,18,334967.53,1/1/2023,0,,
L0390,TRA_0390,Trade,Volta,226442,25.43,7/21/2020,2/20/2023,Late Payment,Small,207862,284026.2,31,284026.2,2/21/2023,0,,
L0391,ENE_0391,Energy & Utilities,Western,37979,32.81,4/8/2022,10/5/2024,Defaulted,Small,16649,50439.91,30,3910.76,9/5/2024,46529.15,,
L0392,AGR_0392,Agriculture,Greater Accra,122985,12.78,7/8/2021,7/10/2022,Late Payment,Small,77833,138702.48,12,138702.48,7/25/2022,0,,
L0393,FIS_0393,Fisheries,Volta,296562,21.59,7/2/2019,6/9/2022,Defaulted,Small,290482,360589.74,35,35016.33,5/10/2022,325573.41,,
L0394,TRA_0394,Trade,Upper East,453777,18.1,11/14/2023,3/30/2025,Paid,Medium,337940,535910.64,16,535910.64,3/29/2025,0,,
L0395,MAN_0395,Manufacturing,Greater Accra,403695,11.57,7/16/2023,5/25/2025,Late Payment,Micro,150561,450402.51,22,450402.51,6/2/2025,0,,
L0396,AGR_0396,Agriculture,Northern,196327,29.08,6/4/2018,8/2/2020,Late Payment,Medium,188572,253418.89,26,253418.89,8/5/2020,0,,
L0397,FIS_0397,Fisheries,Upper West,335990,27.8,6/17/2023,3/21/2026,Late Payment,Small,197605,429395.22,33,429395.22,4/4/2026,0,,
L0398,FIS_0398,Fisheries,Volta,121531,12.91,7/2/2021,2/27/2024,Defaulted,Small,73081,137220.65,32,10198.77,1/28/2024,127021.88,,
L0399,MAN_0399,Manufacturing,Greater Accra,492790,11.81,12/15/2023,7/22/2026,Defaulted,Medium,66109,550988.5,31,40194.19,6/22/2026,510794.31,,
L0400,ENE_0400,Energy & Utilities,Greater Accra,148775,20.94,1/5/2021,5/2/2023,Defaulted,Small,113607,179928.49,28,17421.21,4/2/2023,162507.28,,
L0401,MAN_0401,Manufacturing,Greater Accra,80623,21.57,11/9/2021,6/19/2023,Defaulted,Micro,5855,98013.38,19,8253.65,5/20/2023,89759.73,,
L0402,ENE_0402,Energy & Utilities,Western,220513,15.75,4/14/2023,11/8/2025,Paid,Medium,167216,255243.8,31,255243.8,11/4/2025,0,,
L0403,ENE_0403,Energy & Utilities,Upper East,228850,10.22,2/21/2022,8/22/2023,Paid,Medium,53900,252238.47,18,252238.47,8/22/2023,0,,
L0404,ENE_0404,Energy & Utilities,Eastern,311738,34.27,4/21/2019,2/9/2021,Defaulted,Medium,207915,418570.61,22,37365.18,1/10/2021,381205.43,,
L0405,TRA_0405,Trade,Volta,24254,34.65,6/11/2018,5/18/2020,Paid,Medium,9142,32658.01,23,32658.01,5/16/2020,0,,
L0406,ENE_0406,Energy & Utilities,Upper East,236223,16.51,7/3/2020,9/27/2022,Paid,Micro,6555,275223.42,27,275223.42,9/26/2022,0,,
L0407,MAN_0407,Manufacturing,Upper East,447205,17.31,6/25/2019,10/15/2021,Paid,Micro,421092,524616.19,28,524616.19,10/10/2021,0,,
L0408,ENE_0408,Energy & Utilities,Upper East,127988,22.58,9/4/2022,5/25/2025,Paid,Micro,11015,156887.69,33,156887.69,5/20/2025,0,,
L0409,ENE_0409,Energy & Utilities,Greater Accra,422283,14.17,3/16/2019,4/5/2021,Late Payment,Medium,103469,482120.5,,482120.5,4/6/2021,0,,
L0410,FIS_0410,Fisheries,Upper East,45806,10.46,2/28/2021,12/4/2022,Paid,Small,24056,50597.31,21,50597.31,12/2/2022,0,,
L0411,FIS_0411,Fisheries,Upper West,344784,29.84,10/19/2019,5/7/2022,Defaulted,Medium,39954,447667.55,31,36373.36,4/7/2022,411294.19,,
L0412,TRA_0412,Trade,Western,287897,21.73,9/1/2020,9/19/2022,Late Payment,Micro,270762,350457.02,24,350457.02,9/24/2022,0,,
L0413,MAN_0413,Manufacturing,Central,251247,19.24,3/7/2018,9/15/2019,Paid,Small,119663,299586.92,18,299586.92,9/15/2019,0,,
L0414,FIS_0414,Fisheries,Northern,446843,10.6,11/22/2018,9/16/2020,Late Payment,Micro,188293,494208.36,22,494208.36,10/2/2020,0,,
L0415,TRA_0415,Trade,Eastern,104107,27.12,10/12/2020,7/27/2022,Paid,Small,6290,132340.82,21,132340.82,7/27/2022,0,,
L0416,TRA_0416,Trade,Volta,69396,28.69,5/2/2018,12/9/2020,Defaulted,Small,7125,89305.71,31,6397.92,11/9/2020,82907.79,,
L0417,TRA_0417,Trade,Eastern,82052,30.12,12/21/2020,12/27/2021,Late Payment,Small,27102,106766.06,12,106766.06,12/30/2021,0,,
L0419,AGR_0419,Agriculture,Western,71383,32.25,3/10/2019,5/13/2021,Paid,Micro,35623,94404.02,26,94404.02,5/13/2021,0,,
L0420,ENE_0420,Energy & Utilities,Western,330890,18.22,7/20/2020,3/26/2022,Defaulted,Micro,17380,391178.16,20,29293.92,2/24/2022,361884.24,,
L0421,AGR_0421,Agriculture,Upper West,305941,12.08,5/22/2018,5/25/2020,Paid,Medium,171047,342898.67,24,342898.67,5/25/2020,0,,
L0422,ENE_0422,Energy & Utilities,Volta,28438,22.87,12/15/2022,1/13/2025,Defaulted,Small,18346,34941.77,25,3050.03,12/14/2024,31891.74,,
L0423,AGR_0423,Agriculture,Northern,243982,20.74,2/3/2020,1/15/2022,Paid,Medium,183298,294583.87,23,294583.87,1/13/2022,0,,
L0424,ENE_0424,Energy & Utilities,Volta,73745,21.5,8/21/2018,8/17/2020,Late Payment,Micro,14570,89600.18,24,89600.18,9/4/2020,0,,
L0425,FIS_0425,Fisheries,Western,380951,16.55,8/20/2023,12/13/2024,Defaulted,Small,151790,443998.39,16,34624.49,11/13/2024,409373.9,,
L0426,ENE_0426,Energy & Utilities,Greater Accra,125209,29.24,7/19/2018,11/11/2020,Late Payment,Small,102002,161820.11,28,161820.11,11/24/2020,0,,
L0427,FIS_0427,Fisheries,Upper West,388282,24.18,9/22/2020,1/28/2022,Defaulted,Micro,91325,482168.59,16,27959.15,12/29/2021,454209.44,,
L0428,MAN_0428,Manufacturing,Upper East,308582,32.38,11/12/2019,4/5/2022,Defaulted,Small,12741,408500.85,29,21840.84,3/6/2022,386660.01,,
L0429,ENE_0429,Energy & Utilities,Central,453855,11.07,6/8/2022,11/15/2023,Defaulted,Medium,96013,504096.75,17,39798.42,10/16/2023,464298.33,,
L0430,TRA_0430,Trade,Ashanti,55416,33.96,7/10/2023,1/23/2025,Late Payment,Medium,32719,74235.27,18,74235.27,2/1/2025,0,,
L0431,TRA_0431,Trade,Upper West,362292,18.01,12/14/2021,5/8/2023,Late Payment,Small,146085,427540.79,17,427540.79,5/14/2023,0,,
L0432,MAN_0432,Manufacturing,Upper East,313791,20.25,8/6/2021,3/1/2024,Paid,Small,53504,377333.68,31,377333.68,2/28/2024,0,,
L0433,FIS_0433,Fisheries,Greater Accra,101496,25.13,6/1/2018,10/13/2020,Paid,Micro,84665,127001.94,28,127001.94,10/12/2020,0,,
L0434,TRA_0434,Trade,Upper West,499512,30.43,7/4/2018,7/27/2019,Defaulted,Micro,441116,651513.5,12,38819.4,6/27/2019,612694.1,,
L0435,MAN_0435,Manufacturing,Ashanti,438890,12.6,6/8/2022,5/19/2025,Defaulted,Medium,342495,494190.14,35,29890.99,4/19/2025,464299.15,,
L0436,FIS_0436,Fisheries,Northern,67380,11.1,4/6/2022,7/16/2024,Paid,Micro,17213,74859.18,27,74859.18,7/14/2024,0,,
L0437,TRA_0437,Trade,Upper West,56976,11.27,11/2/2023,2/2/2026,Paid,Small,56725,63397.2,27,63397.2,1/29/2026,0,,
L0438,MAN_0438,Manufacturing,Eastern,234779,17.51,12/14/2021,3/22/2023,Paid,Small,47988,275888.8,15,275888.8,3/20/2023,0,,
L0439,TRA_0439,Trade,Western,427646,28.96,3/6/2022,11/24/2023,Defaulted,Small,406416,,20,51602.87,10/25/2023,499889.41,,
L0440,MAN_0440,Manufacturing,Greater Accra,483708,33.85,8/17/2022,9/5/2023,Paid,Micro,313914,647443.16,12,647443.16,9/3/2023,0,,
L0441,FIS_0441,Fisheries,Western,326200,13.49,10/17/2019,4/5/2021,Defaulted,Medium,166999,370204.38,17,22889.57,3/6/2021,347314.81,,
L0442,FIS_0442,Fisheries,Eastern,419676,32.57,8/13/2019,9/5/2020,Late Payment,Small,98232,556364.47,12,556364.47,9/21/2020,0,,
L0443,AGR_0443,Agriculture,Eastern,132736,27.62,9/25/2018,6/29/2021,Paid,Micro,47038,169397.68,33,169397.68,6/27/2021,0,,
L0444,TRA_0444,Trade,Central,39683,10.24,9/2/2023,1/13/2025,Late Payment,Small,32982,43746.54,16,43746.54,1/28/2025,0,,
L0445,TRA_0445,Trade,Central,143626,30.08,3/2/2021,6/8/2023,Late Payment,Medium,101967,186828.7,27,186828.7,6/12/2023,0,,
L0446,ENE_0446,Energy & Utilities,Volta,250183,27.87,8/23/2023,1/6/2025,Late Payment,Micro,60742,319909,16,319909,1/10/2025,0,,
L0447,FIS_0447,Fisheries,Western,113646,25.08,7/26/2022,3/13/2024,Defaulted,Micro,78686,142148.42,19,7967.55,2/12/2024,134180.87,,
L0448,TRA_0448,Trade,Eastern,443745,30.48,2/16/2019,12/15/2021,Paid,Medium,132062,578998.48,34,578998.48,12/14/2021,0,,
L0449,TRA_0449,Trade,Greater Accra,319031,16.57,8/25/2022,5/8/2025,Late Payment,Medium,72016,371894.44,32,371894.44,5/14/2025,0,,
L0450,TRA_0450,Trade,Western,28107,19.78,8/28/2018,10/30/2019,Late Payment,Medium,7085,33666.56,14,33666.56,11/13/2019,0,,
L0451,TRA_0451,Trade,Northern,328996,11.31,12/11/2021,2/22/2024,Late Payment,Medium,147097,366205.45,26,366205.45,3/9/2024,0,,
L0452,TRA_0452,Trade,Eastern,282027,20.25,3/27/2022,11/26/2023,Defaulted,Micro,218008,339137.47,20,18860.8,10/27/2023,320276.67,,
L0453,ENE_0453,Energy & Utilities,Upper East,286656,29.33,4/14/2019,4/9/2021,Late Payment,Micro,86567,370732.2,,370732.2,4/10/2021,0,,
L0454,TRA_0454,Trade,Western,226814,26.62,5/4/2018,6/29/2019,Paid,Micro,6691,287191.89,14,287191.89,6/29/2019,0,,
L0456,AGR_0456,Agriculture,Ashanti,348628,12.37,3/12/2023,8/2/2025,Paid,Medium,140057,391753.28,29,391753.28,7/29/2025,0,,
L0457,MAN_0457,Manufacturing,Volta,123490,19.75,6/19/2022,5/8/2025,Defaulted,Micro,32454,147879.28,35,11061.68,4/8/2025,136817.6,,
L0458,FIS_0458,Fisheries,Ashanti,203060,11.36,8/11/2021,7/23/2024,Defaulted,Micro,156857,226127.62,35,15544.81,6/23/2024,210582.81,,
L0459,ENE_0459,Energy & Utilities,Eastern,328418,11.55,12/22/2023,11/22/2025,Paid,Micro,294333,366350.28,23,366350.28,11/22/2025,0,,
L0461,MAN_0461,Manufacturing,Greater Accra,38628,12.8,2/26/2021,11/4/2022,Paid,Micro,29585,43572.38,20,43572.38,10/31/2022,0,,
L0462,AGR_0462,Agriculture,Ashanti,480096,14.91,3/20/2022,6/27/2024,Paid,Small,233146,551678.31,27,551678.31,6/23/2024,0,,
L0463,MAN_0463,Manufacturing,Greater Accra,374466,10.27,10/25/2022,12/31/2024,Late Payment,Micro,165122,412923.66,26,412923.66,1/11/2025,0,,
L0464,ENE_0464,Energy & Utilities,Upper West,480336,30.73,7/2/2023,4/16/2025,Defaulted,Micro,221854,627943.25,21,48785.72,3/17/2025,579157.53,,
L0465,AGR_0465,Agriculture,Ashanti,268736,31.15,11/12/2021,1/13/2023,Paid,Medium,49695,352447.26,14,352447.26,1/9/2023,0,,
L0466,AGR_0466,Agriculture,Central,364701,14.46,12/13/2023,2/13/2025,Defaulted,Small,198102,417436.76,14,32056.89,1/14/2025,385379.87,,
L0467,AGR_0467,Agriculture,Volta,218850,27.92,5/22/2019,6/1/2021,Defaulted,Medium,62837,279952.92,24,19817.76,5/2/2021,260135.16,,
L0468,AGR_0468,Agriculture,Central,191197,16.69,7/5/2023,11/4/2024,Defaulted,Small,162814,223107.78,16,15021.17,10/5/2024,208086.61,,
L0469,FIS_0469,Fisheries,Ashanti,193109,18,10/27/2019,8/27/2021,Late Payment,Small,101942,227868.62,22,227868.62,9/9/2021,0,,
L0470,TRA_0470,Trade,Northern,42136,23.08,5/11/2020,8/13/2022,Paid,Small,7534,51860.99,27,51860.99,8/10/2022,0,,
L0471,ENE_0471,Energy & Utilities,Upper East,186204,27.86,8/4/2019,7/1/2022,Late Payment,Small,13466,238080.43,35,238080.43,7/7/2022,0,,
L0472,TRA_0472,Trade,Eastern,325151,24.96,10/18/2018,10/5/2021,Late Payment,Medium,210862,406308.69,36,406308.69,10/24/2021,0,,
L0473,MAN_0473,Manufacturing,Greater Accra,197563,34.94,7/8/2020,12/20/2022,Defaulted,Micro,36079,266591.51,29,21252.52,11/20/2022,245338.99,,
L0474,ENE_0474,Energy & Utilities,Upper East,274009,12.56,10/4/2022,3/10/2024,Late Payment,Medium,134192,308424.53,17,308424.53,3/14/2024,0,,
L0475,TRA_0475,Trade,Ashanti,258145,31.59,6/5/2020,2/15/2022,Defaulted,Micro,246265,339693.01,20,31349.65,1/16/2022,308343.36,,
L0476,TRA_0476,Trade,Central,154201,17.5,11/1/2020,4/28/2022,Paid,Medium,43168,181186.18,18,181186.18,4/26/2022,0,,
L0477,TRA_0477,Trade,Greater Accra,324448,31.4,11/20/2018,2/8/2021,Late Payment,Micro,218306,426324.67,27,426324.67,2/18/2021,0,,
L0478,MAN_0478,Manufacturing,Upper West,68031,26.5,1/7/2020,2/21/2022,Paid,Medium,7457,86059.22,25,86059.22,2/19/2022,0,,
L0479,AGR_0479,Agriculture,Northern,338744,17.13,6/15/2023,7/11/2025,Defaulted,Medium,22078,396770.85,25,29400.54,6/11/2025,367370.31,,
L0480,FIS_0480,Fisheries,Western,456035,33.86,4/26/2022,11/13/2023,Paid,Micro,146821,610448.45,18,610448.45,11/8/2023,0,,
L0481,FIS_0481,Fisheries,Central,467804,33.84,12/6/2023,6/9/2026,Paid,Medium,39064,626108.87,30,626108.87,6/4/2026,0,,
L0482,AGR_0482,Agriculture,Volta,467438,26.77,1/11/2019,6/16/2021,Defaulted,Medium,366209,592571.15,29,40156.49,5/17/2021,552414.66,,
L0483,FIS_0483,Fisheries,Northern,481472,20.81,7/2/2022,9/14/2023,Late Payment,Medium,298791,581666.32,14,581666.32,9/30/2023,0,,
L0484,MAN_0484,Manufacturing,Upper East,487780,13.06,4/14/2019,4/11/2022,Defaulted,Micro,446666,551484.07,36,35014.65,3/12/2022,516469.42,,
L0485,ENE_0485,Energy & Utilities,Central,387994,18.99,1/25/2020,3/3/2022,Late Payment,Small,90385,461674.06,25,461674.06,3/8/2022,0,,
L0486,TRA_0486,Trade,Eastern,425254,16.89,7/28/2021,6/25/2023,Defaulted,Medium,378117,497079.4,23,34756.64,5/26/2023,462322.76,,
L0487,ENE_0487,Energy & Utilities,Northern,280887,15.44,10/16/2020,3/26/2023,Paid,Micro,88766,324255.95,29,324255.95,3/24/2023,0,,
L0488,ENE_0488,Energy & Utilities,Western,289511,19.34,4/12/2023,8/3/2024,Defaulted,Small,185548,345502.43,15,33762.77,7/4/2024,311739.66,,
L0489,MAN_0489,Manufacturing,Greater Accra,302231,29.44,5/2/2022,6/10/2024,Defaulted,Micro,257699,391207.81,25,20916.66,5/11/2024,370291.15,,
L0490,FIS_0490,Fisheries,Central,300517,28.77,7/10/2022,8/9/2023,Late Payment,Small,50643,386975.74,13,386975.74,8/26/2023,0,,
L0491,ENE_0491,Energy & Utilities,Ashanti,195227,16.8,6/9/2022,3/30/2024,Defaulted,Micro,27564,228025.14,22,15349.83,2/29/2024,212675.31,,
L0492,TRA_0492,Trade,Upper East,411968,31.86,9/24/2022,10/3/2024,Defaulted,Micro,286233,543221,24,46312.5,9/3/2024,496908.5,,
L0493,MAN_0493,Manufacturing,Ashanti,425776,19.33,4/27/2019,3/29/2021,Late Payment,Medium,338259,508078.5,23,508078.5,4/10/2021,0,,
L0494,AGR_0494,Agriculture,Volta,322752,22.83,11/28/2023,12/20/2025,Paid,Micro,160598,396436.28,25,396436.28,12/16/2025,0,,
L0495,TRA_0495,Trade,Volta,250721,17.37,3/10/2021,5/3/2022,Late Payment,Micro,96795,294271.24,13,294271.24,5/10/2022,0,,
L0496,MAN_0496,Manufacturing,Volta,395629,13.31,11/26/2021,10/28/2024,Late Payment,Medium,373143,448287.22,35,448287.22,11/14/2024,0,,
L0497,ENE_0497,Energy & Utilities,Eastern,67541,34.28,9/14/2019,3/5/2021,Defaulted,Micro,65558,90694.05,17,7732.81,2/3/2021,82961.24,,
L0498,AGR_0498,Agriculture,Ashanti,338747,31.72,5/26/2020,11/30/2021,Defaulted,Micro,124620,446197.55,18,36037.89,10/31/2021,410159.66,,
L0499,ENE_0499,Energy & Utilities,Upper West,377219,19.57,2/22/2018,5/6/2019,Paid,Medium,12891,451040.76,14,451040.76,5/4/2019,0,,
L0500,ENE_0500,Energy & Utilities,Volta,457695,30.86,2/15/2023,10/11/2025,Late Payment,Small,37379,598939.68,32,598939.68,10/23/2025,0,,
L0501,MAN_0501,Manufacturing,Upper West,396896,25.11,2/5/2018,9/25/2020,Paid,Micro,345017,496556.59,32,496556.59,9/24/2020,0,,
L0502,MAN_0502,Manufacturing,Eastern,361202,15.18,4/17/2023,2/3/2026,Defaulted,Micro,287721,416032.46,34,22683.25,1/4/2026,393349.21,,
L0503,FIS_0503,Fisheries,Greater Accra,110184,17.98,6/17/2021,5/14/2024,Defaulted,Small,103752,129995.08,35,8536.32,4/14/2024,121458.76,,
L0504,FIS_0504,Fisheries,Eastern,441869,29.21,10/8/2023,4/30/2025,Late Payment,Small,386360,570938.93,19,570938.93,5/2/2025,0,,
L0505,FIS_0505,Fisheries,Ashanti,458912,25.77,4/21/2018,2/25/2021,Paid,Medium,303097,577173.62,34,577173.62,2/24/2021,0,,
L0506,ENE_0506,Energy & Utilities,Ashanti,286710,30.88,9/25/2023,6/14/2026,Paid,Small,149841,375246.05,33,375246.05,6/13/2026,0,,
L0507,FIS_0507,Fisheries,Central,78550,20.29,6/8/2019,5/28/2021,Late Payment,Medium,27924,94487.8,24,94487.8,6/8/2021,0,,
L0508,AGR_0508,Agriculture,Northern,96780,26.06,9/16/2019,2/28/2022,Late Payment,Micro,56804,122000.87,29,122000.87,3/5/2022,0,,
L0509,TRA_0509,Trade,Western,151195,24.09,5/16/2022,4/14/2025,Late Payment,Micro,134379,187617.88,35,187617.88,4/28/2025,0,,
L0510,MAN_0510,Manufacturing,Upper East,108868,20.81,3/16/2020,1/19/2023,Defaulted,Micro,91710,131523.43,34,10365.8,12/20/2022,121157.63,,
L0511,TRA_0511,Trade,Eastern,23205,27.43,11/8/2020,6/25/2022,Late Payment,Small,15390,29570.13,19,29570.13,7/9/2022,0,,
L0512,ENE_0512,Energy & Utilities,Upper West,404877,29.35,5/9/2018,11/25/2019,Paid,Small,341742,523708.4,18,523708.4,11/21/2019,0,,
L0513,MAN_0513,Manufacturing,Eastern,42319,20.25,11/26/2020,7/30/2022,Defaulted,Small,24759,50888.6,20,4088.62,6/30/2022,46799.98,,
L0514,TRA_0514,Trade,Northern,443636,24.95,11/27/2021,6/1/2023,Defaulted,Small,53172,554323.18,18,51895.53,5/2/2023,502427.65,,
L0515,ENE_0515,Energy & Utilities,Western,216103,27.13,4/27/2021,4/9/2024,Late Payment,Micro,73497,274731.74,35,274731.74,4/28/2024,0,,
L0516,AGR_0516,Agriculture,Ashanti,118864,14.88,5/5/2018,5/26/2020,Paid,Micro,77782,136550.96,25,136550.96,5/24/2020,0,,
L0517,FIS_0517,Fisheries,Volta,36693,19.9,12/7/2023,3/27/2026,Paid,Small,22933,43994.91,28,43994.91,3/23/2026,0,,
L0518,ENE_0518,Energy & Utilities,Upper West,392527,16.85,10/27/2022,5/2/2024,Defaulted,Small,27053,458667.8,18,44772.99,4/2/2024,413894.81,,
L0519,FIS_0519,Fisheries,Central,311414,11.45,6/19/2023,2/5/2026,Defaulted,Micro,26171,347070.9,32,18144.23,1/6/2026,328926.67,,
L0520,AGR_0520,Agriculture,Upper West,78669,19.53,12/25/2020,1/16/2023,Late Payment,Small,21454,94033.06,25,94033.06,2/5/2023,0,,
L0521,FIS_0521,Fisheries,Central,356123,23.14,5/8/2020,7/29/2022,Defaulted,Micro,195019,438529.86,27,37214.22,6/29/2022,401315.64,,
L0522,ENE_0522,Energy & Utilities,Upper West,209275,31.94,6/20/2022,12/15/2023,Defaulted,Medium,115387,276117.44,18,23575.64,11/15/2023,252541.8,,
L0523,MAN_0523,Manufacturing,Western,473957,14.89,6/25/2019,3/18/2021,Late Payment,Small,194644,544529.2,21,544529.2,3/23/2021,0,,
L0524,AGR_0524,Agriculture,Western,369616,18.44,1/21/2022,10/29/2024,Late Payment,Medium,46450,437773.19,33,437773.19,11/6/2024,0,,
L0525,FIS_0525,Fisheries,Eastern,491691,17.9,8/3/2020,7/4/2022,Late Payment,Medium,458572,579703.69,23,579703.69,7/14/2022,0,,
L0526,FIS_0526,Fisheries,Upper East,99110,26.15,6/3/2023,8/21/2024,Paid,Micro,43737,125027.27,14,125027.27,8/21/2024,0,,
L0527,MAN_0527,Manufacturing,Western,236362,23.14,10/26/2019,1/3/2022,Paid,Micro,114263,291056.17,26,291056.17,12/29/2021,0,,
L0528,MAN_0528,Manufacturing,Northern,159083,17.47,4/19/2023,11/19/2024,Defaulted,Small,5641,186874.8,19,14032.63,10/20/2024,172842.17,,
L0529,MAN_0529,Manufacturing,Greater Accra,12594,25.98,1/11/2023,6/28/2025,Paid,Small,9580,15865.92,29,15865.92,6/25/2025,0,,
L0530,ENE_0530,Energy & Utilities,Northern,154921,32.42,3/13/2021,12/16/2023,Late Payment,Micro,45428,205146.39,33,205146.39,12/19/2023,0,,
