SME_Name,Sector,Region,Loan_Amount (GHC),Interest_Rate,Issue_Date,Due_Date,Repayment_Status,Business_Size,Collateral_Value (GHC),Repayment_Amount (GHC),Loan_Term (Months),Amount_Paid (GHC),Date_Paid,Amount_Due,Credit_Score,Risk_Rating,Collateral_Score,Business_Size_Score,Repayment_Score
AGR_0001,Agriculture,Central,447224,17.4,2020-09-12,2023-06-11,Defaulted,Small,89202,525040.98,33,27326.28,2023-05-12,497714.7,28.0,High Risk,8.0,20,0
AGR_0002,Agriculture,Western,329270,11.64,2023-07-23,2024-09-19,Paid,Medium,321741,367597.03,14,367597.03,2024-09-17,0.0,99.0,Low Risk,39.0,30,30
TRA_0003,Trade,Upper East,401715,28.71,2019-06-21,2020-10-26,Defaulted,Medium,264392,517047.38,16,27448.39,2020-09-26,489598.99,56.0,Medium Risk,26.0,30,0
ENE_0004,Energy & Utilities,Northern,424502,17.7,2020-01-02,2022-04-10,Late Payment,Micro,157430,499638.85,27,499638.85,2022-04-16,0.0,40.0,High Risk,15.0,10,15
FIS_0005,Fisheries,Upper West,214431,22.17,2021-07-21,2023-01-08,Late Payment,Medium,128747,261970.35,17,261970.35,2023-01-10,0.0,69.0,Medium Risk,24.0,30,15
AGR_0006,Agriculture,Central,158557,21.16,2022-03-21,2025-01-23,Paid,Micro,130863,192107.66,34,192107.66,2025-01-19,0.0,73.0,Low Risk,33.0,10,30
ENE_0007,Energy & Utilities,Greater Accra,325325,17.87,2019-11-21,2022-07-20,Paid,Medium,62020,383460.58,32,383460.58,2022-07-17,0.0,68.0,Medium Risk,8.0,30,30
TRA_0008,Trade,Eastern,220674,29.03,2019-10-10,2021-11-06,Late Payment,Small,101885,284735.66,25,284735.66,2021-11-10,0.0,53.0,Medium Risk,18.0,20,15
FIS_0009,Fisheries,Upper East,170718,13.79,2021-07-06,2024-04-01,Defaulted,Micro,56816,194260.0122,33,16000.16,2024-03-02,178259.85,23.0,High Risk,13.0,10,0
ENE_0010,Energy & Utilities,Upper East,390667,31.16,2018-02-26,2020-01-25,Paid,Medium,48532,512398.84,23,512398.84,2020-01-20,0.0,65.0,Medium Risk,5.0,30,30
ENE_0011,Energy & Utilities,Central,358898,19.64,2022-09-18,2025-01-16,Paid,Medium,125312,429385.57,28,429385.57,2025-01-16,0.0,74.0,Low Risk,14.0,30,30
TRA_0012,Trade,Upper East,225435,28.11,2022-12-05,2023-12-18,Paid,Micro,224300,288804.78,12,288804.78,2023-12-16,0.0,80.0,Low Risk,40.0,10,30
TRA_0013,Trade,Northern,286692,13.29,2022-10-22,2024-10-15,Paid,Medium,83421,324793.37,24,324793.37,2024-10-12,0.0,72.0,Low Risk,12.0,30,30
TRA_0014,Trade,Volta,443743,23.84,2022-03-07,2023-05-04,Late Payment,Micro,203576,549531.33,14,549531.33,2023-05-19,0.0,43.0,High Risk,18.0,10,15
ENE_0015,Energy & Utilities,Central,476102,16.0,2018-12-06,2020-02-11,Defaulted,Medium,187712,552278.32,14,50607.53,2020-01-12,501670.7899999999,46.0,High Risk,16.0,30,0
FIS_0016,Fisheries,Ashanti,424012,21.47,2021-07-28,2023-02-27,Defaulted,Micro,55802,515047.38,19,34603.67,2023-01-28,480443.71,15.0,High Risk,5.0,10,0
MAN_0017,Manufacturing,Volta,96608,10.46,2020-10-07,2023-07-04,Paid,Medium,47740,106713.2,33,106713.2,2023-07-02,0.0,80.0,Low Risk,20.0,30,30
TRA_0018,Trade,Volta,490282,29.12,2022-01-16,2024-06-13,Paid,Small,317584,633052.12,29,633052.12,2024-06-13,0.0,76.0,Low Risk,26.0,20,30
ENE_0019,Energy & Utilities,Northern,227416,19.06,2022-08-02,2024-12-20,Late Payment,Micro,159464,270761.49,29,270761.49,2024-12-21,0.0,53.0,Medium Risk,28.0,10,15
ENE_0020,Energy & Utilities,Greater Accra,460496,34.52,2021-09-06,2024-09-01,Late Payment,Medium,116433,619459.22,36,619459.22,2024-09-09,0.0,55.0,Medium Risk,10.0,30,15
AGR_0021,Agriculture,Central,334727,11.82,2023-03-20,2024-06-17,Paid,Micro,283990,374291.73,15,374291.73,2024-06-17,0.0,74.0,Low Risk,34.0,10,30
TRA_0022,Trade,Eastern,50313,21.16,2020-05-24,2022-08-05,Defaulted,Medium,18934,60959.23,26,5873.95,2022-07-06,55085.28,45.0,High Risk,15.0,30,0
FIS_0023,Fisheries,Central,390355,23.42,2018-08-19,2021-03-07,Paid,Micro,133753,481776.14,31,481776.14,2021-03-03,0.0,54.0,Medium Risk,14.0,10,30
AGR_0024,Agriculture,Volta,197884,27.06,2022-07-02,2024-12-31,Late Payment,Micro,103447,251431.41,30,251431.41,2025-01-05,0.0,46.0,High Risk,21.0,10,15
ENE_0025,Energy & Utilities,Volta,342179,31.25,2019-11-07,2022-10-29,Defaulted,Micro,218545,449109.94,36,26354.97,2022-09-29,422754.97,36.0,High Risk,26.0,10,0
ENE_0026,Energy & Utilities,Northern,197253,23.09,2018-11-02,2020-08-24,Paid,Small,18081,242798.72,22,242798.72,2020-08-22,0.0,54.0,Medium Risk,4.0,20,30
TRA_0027,Trade,Upper West,15137,22.74,2019-10-08,2022-02-07,Defaulted,Micro,6455,18579.15,28,1726.07,2022-01-08,16853.08,27.0,High Risk,17.0,10,0
ENE_0028,Energy & Utilities,Eastern,132665,19.89,2019-07-15,2020-07-22,Late Payment,Medium,51685,159052.07,12,159052.07,2020-08-11,0.0,61.0,Medium Risk,16.0,30,15
TRA_0029,Trade,Western,347351,19.92,2018-04-15,2021-01-27,Paid,Micro,53588,416543.32,33,416543.32,2021-01-24,0.0,46.0,High Risk,6.0,10,30
FIS_0030,Fisheries,Upper East,260306,20.06,2019-09-14,2021-08-17,Late Payment,Medium,10827,312523.38,23,312523.38,2021-08-29,0.0,47.0,High Risk,2.0,30,15
FIS_0031,Fisheries,Upper East,423388,11.88,2022-07-14,2025-06-01,Defaulted,Small,262349,473686.49,35,36063.09,2025-05-02,437623.4,45.0,High Risk,25.0,20,0
MAN_0032,Manufacturing,Northern,70344,26.76,2019-04-19,2021-06-05,Paid,Small,18637,89168.05,25,89168.05,2021-06-04,0.0,61.0,Medium Risk,11.0,20,30
ENE_0033,Energy & Utilities,Eastern,204124,31.58,2023-04-13,2026-03-31,Defaulted,Medium,80789,268586.36,36,14333.67,2026-03-01,254252.69,46.0,High Risk,16.0,30,0
MAN_0034,Manufacturing,Central,178423,17.74,2021-03-26,2023-08-29,Defaulted,Medium,120179,210075.24,29,15230.44,2023-07-30,194844.8,57.0,Medium Risk,27.0,30,0
ENE_0035,Energy & Utilities,Ashanti,47109,18.99,2019-05-01,2021-01-08,Paid,Medium,5022,56055.0,20,56055.0,2021-01-07,0.0,64.0,Medium Risk,4.0,30,30
MAN_0036,Manufacturing,Northern,414249,30.97,2018-09-17,2021-08-13,Defaulted,Medium,245521,542541.92,35,27957.58,2021-07-14,514584.34,54.0,Medium Risk,24.0,30,0
MAN_0037,Manufacturing,Greater Accra,91822,33.83,2019-01-13,2021-07-31,Paid,Medium,86592,122885.38,31,122885.38,2021-07-28,0.0,98.0,Low Risk,38.0,30,30
TRA_0038,Trade,Upper East,143773,15.52,2022-03-21,2024-01-15,Defaulted,Medium,132794,166086.57,22,13462.45,2023-12-16,152624.12,67.0,Medium Risk,37.0,30,0
MAN_0039,Manufacturing,Greater Accra,460559,27.99,2020-01-06,2022-01-09,Defaulted,Micro,37526,589469.46,24,31035.51,2021-12-10,558433.95,13.0,High Risk,3.0,10,0
TRA_0040,Trade,Northern,332360,31.81,2021-11-07,2023-12-16,Late Payment,Small,162927,438083.72,25,438083.72,2023-12-26,0.0,55.0,Medium Risk,20.0,20,15
MAN_0041,Manufacturing,Northern,153432,32.68,2018-12-25,2021-12-02,Late Payment,Medium,95980,203573.58,35,203573.58,2021-12-03,0.0,70.0,Medium Risk,25.0,30,15
FIS_0042,Fisheries,Volta,181551,29.27,2018-03-18,2019-06-23,Late Payment,Small,17834,234690.98,15,234690.98,2019-07-03,0.0,39.0,High Risk,4.0,20,15
TRA_0043,Trade,Eastern,174098,25.73,2023-09-14,2025-10-16,Paid,Micro,139812,218893.42,25,218893.42,2025-10-11,0.0,72.0,Low Risk,32.0,10,30
TRA_0044,Trade,Upper East,492126,32.82,2020-04-26,2022-10-17,Defaulted,Micro,481283,653641.75,30,49587.89,2022-09-17,604053.86,49.0,High Risk,39.0,10,0
AGR_0045,Agriculture,Ashanti,330579,30.67,2018-12-08,2021-10-02,Paid,Medium,270446,431967.58,34,431967.58,2021-09-29,0.0,93.0,Low Risk,33.0,30,30
AGR_0046,Agriculture,Upper East,116777,23.12,2022-12-10,2025-12-02,Paid,Small,23744,143775.84,36,143775.84,2025-11-27,0.0,58.0,Medium Risk,8.0,20,30
AGR_0047,Agriculture,Volta,425233,22.27,2023-01-25,2024-10-28,Paid,Medium,375910,519932.39,21,519932.39,2024-10-27,0.0,95.0,Low Risk,35.0,30,30
MAN_0048,Manufacturing,Volta,433600,28.27,2023-06-11,2025-09-20,Defaulted,Micro,428356,556178.72,27,30513.11,2025-08-21,525665.61,50.0,High Risk,40.0,10,0
FIS_0049,Fisheries,Greater Accra,282548,29.9,2022-05-19,2025-01-23,Late Payment,Medium,199859,367029.85,32,367029.85,2025-01-31,0.0,73.0,Low Risk,28.0,30,15
MAN_0050,Manufacturing,Central,350759,18.77,2022-08-13,2023-10-21,Defaulted,Medium,279480,416596.46,14,29630.48,2023-09-21,386965.98,62.0,Medium Risk,32.0,30,0
ENE_0051,Energy & Utilities,Eastern,118814,29.13,2022-06-11,2025-06-04,Defaulted,Small,41147,153424.52,36,13840.7,2025-05-05,139583.82,34.0,High Risk,14.0,20,0
ENE_0052,Energy & Utilities,Upper East,356562,16.44,2020-06-21,2021-10-16,Paid,Micro,115453,415180.79,16,415180.79,2021-10-14,0.0,53.0,Medium Risk,13.0,10,30
MAN_0053,Manufacturing,Upper East,122419,23.23,2022-05-17,2024-06-23,Defaulted,Medium,92558,150856.93,25,10973.12,2024-05-24,139883.81,60.0,Medium Risk,30.0,30,0
ENE_0054,Energy & Utilities,Ashanti,404754,32.07,2019-04-03,2020-11-27,Late Payment,Small,350623,534558.61,20,534558.61,2020-12-17,0.0,70.0,Medium Risk,35.0,20,15
AGR_0055,Agriculture,Western,464957,34.25,2019-12-07,2021-09-08,Paid,Micro,137550,624204.77,21,624204.77,2021-09-04,0.0,52.0,Medium Risk,12.0,10,30
AGR_0056,Agriculture,Volta,324956,25.17,2023-05-10,2025-10-24,Late Payment,Small,195126,406747.43,29,406747.43,2025-11-05,0.0,59.0,Medium Risk,24.0,20,15
FIS_0057,Fisheries,Upper East,77423,19.34,2020-12-12,2022-05-13,Late Payment,Micro,60221,92396.61,17,92396.61,2022-05-31,0.0,56.0,Medium Risk,31.0,10,15
FIS_0058,Fisheries,Upper West,236004,15.86,2023-01-26,2024-10-06,Defaulted,Medium,181964,273434.23,20,23305.21,2024-09-06,250129.02,61.0,Medium Risk,31.0,30,0
AGR_0059,Agriculture,Western,303141,24.63,2023-12-05,2026-03-12,Late Payment,Medium,14175,377804.63,27,377804.63,2026-03-30,0.0,47.0,High Risk,2.0,30,15
FIS_0060,Fisheries,Upper East,275440,26.65,2022-01-01,2024-09-09,Paid,Micro,217213,348844.76,32,348844.76,2024-09-05,0.0,72.0,Low Risk,32.0,10,30
AGR_0061,Agriculture,Upper West,489252,10.84,2019-04-07,2022-03-10,Defaulted,Micro,23061,542286.92,35,40723.83,2022-02-08,501563.09,12.0,High Risk,2.0,10,0
MAN_0062,Manufacturing,Central,133996,33.06,2022-04-10,2024-06-02,Defaulted,Small,111979,178295.07760000002,26,11667.02,2024-05-03,166628.06,53.0,Medium Risk,33.0,20,0
MAN_0063,Manufacturing,Eastern,185925,21.59,2022-02-03,2023-10-14,Defaulted,Small,127627,226066.21,20,13555.19,2023-09-14,212511.02,47.0,High Risk,27.0,20,0
AGR_0064,Agriculture,Greater Accra,348678,33.29,2020-06-16,2022-10-21,Paid,Small,83285,464752.91,28,464752.91,2022-10-20,0.0,60.0,Medium Risk,10.0,20,30
MAN_0065,Manufacturing,Greater Accra,169988,19.63,2019-09-06,2021-01-10,Defaulted,Micro,29339,203356.64,16,14650.19,2020-12-11,188706.45,17.0,High Risk,7.0,10,0
FIS_0066,Fisheries,Northern,418158,29.68,2023-08-24,2025-03-24,Paid,Micro,274188,542267.29,19,542267.29,2025-03-22,0.0,66.0,Medium Risk,26.0,10,30
FIS_0067,Fisheries,Ashanti,476921,10.47,2023-05-20,2025-01-20,Defaulted,Micro,344296,526854.63,20,29958.21,2024-12-21,496896.42,39.0,High Risk,29.0,10,0
AGR_0068,Agriculture,Volta,280535,17.45,2019-05-22,2020-08-23,Defaulted,Medium,217447,329488.36,15,29392.55,2020-07-24,300095.81,61.0,Medium Risk,31.0,30,0
FIS_0069,Fisheries,Central,307007,33.01,2020-09-06,2023-08-11,Paid,Micro,51918,408350.01,35,408350.01,2023-08-06,0.0,47.0,High Risk,7.0,10,30
ENE_0070,Energy & Utilities,Ashanti,402134,13.28,2019-11-14,2022-05-03,Defaulted,Medium,132400,455537.4,30,26096.72,2022-04-03,429440.68,43.0,High Risk,13.0,30,0
TRA_0071,Trade,Greater Accra,386786,23.31,2022-05-25,2023-06-29,Defaulted,Medium,255681,476945.82,13,24690.07,2023-05-30,452255.75,56.0,Medium Risk,26.0,30,0
MAN_0072,Manufacturing,Upper West,218192,19.25,2021-04-07,2022-04-19,Late Payment,Micro,199984,260193.96,12,260193.96,2022-05-06,0.0,62.0,Medium Risk,37.0,10,15
TRA_0073,Trade,Upper East,320454,34.62,2020-04-16,2021-12-10,Defaulted,Micro,215289,431395.17,20,21836.6,2021-11-10,409558.57,37.0,High Risk,27.0,10,0
MAN_0074,Manufacturing,Ashanti,71085,27.46,2022-01-18,2024-06-10,Late Payment,Medium,28811,90604.94,29,90604.94,2024-06-25,0.0,61.0,Medium Risk,16.0,30,15
AGR_0075,Agriculture,Eastern,220668,30.1,2019-07-08,2021-07-18,Paid,Medium,88297,287089.07,24,287089.07,2021-07-18,0.0,76.0,Low Risk,16.0,30,30
TRA_0076,Trade,Upper West,282321,16.52,2023-08-01,2025-03-02,Defaulted,Small,218897,328960.43,19,17309.06,2025-01-31,311651.37,51.0,Medium Risk,31.0,20,0
ENE_0077,Energy & Utilities,Eastern,391802,30.47,2021-02-25,2022-03-14,Defaulted,Medium,175365,511184.07,12,48140.42,2022-02-12,463043.65,48.0,High Risk,18.0,30,0
ENE_0078,Energy & Utilities,Northern,437027,17.66,2018-10-05,2021-07-02,Late Payment,Small,107231,514205.97,33,514205.97,2021-07-22,0.0,45.0,High Risk,10.0,20,15
TRA_0079,Trade,Volta,48917,15.51,2023-12-09,2025-07-16,Late Payment,Micro,43862,56504.03,19,56504.03,2025-07-27,0.0,61.0,Medium Risk,36.0,10,15
TRA_0080,Trade,Eastern,230325,11.17,2019-02-14,2020-11-28,Late Payment,Small,137583,256052.3,21,256052.3,2020-12-18,0.0,59.0,Medium Risk,24.0,20,15
AGR_0081,Agriculture,Upper West,448790,20.76,2022-01-18,2024-05-26,Defaulted,Small,167601,541958.8,28,33842.4,2024-04-26,508116.4,35.0,High Risk,15.0,20,0
FIS_0082,Fisheries,Greater Accra,466527,11.95,2023-01-01,2025-04-06,Paid,Small,301938,522276.98,27,522276.98,2025-04-01,0.0,76.0,Low Risk,26.0,20,30
TRA_0084,Trade,Western,389310,33.58,2019-02-04,2021-04-10,Late Payment,Small,159742,520040.3,26,520040.3,2021-04-20,0.0,51.0,Medium Risk,16.0,20,15
MAN_0085,Manufacturing,Ashanti,189217,24.86,2023-12-23,2025-05-28,Paid,Medium,92485,236256.35,17,236256.35,2025-05-24,0.0,80.0,Low Risk,20.0,30,30
ENE_0087,Energy & Utilities,Greater Accra,247772,27.01,2023-01-07,2025-12-10,Late Payment,Small,152347,314695.22,35,314695.22,2025-12-24,0.0,60.0,Medium Risk,25.0,20,15
FIS_0088,Fisheries,Central,430604,21.96,2020-05-10,2022-12-26,Late Payment,Small,179589,525164.64,32,525164.64,2023-01-06,0.0,52.0,Medium Risk,17.0,20,15
TRA_0089,Trade,Upper West,276373,17.53,2021-09-17,2024-01-09,Late Payment,Small,216448,324821.19,28,324821.19,2024-01-18,0.0,66.0,Medium Risk,31.0,20,15
FIS_0090,Fisheries,Ashanti,315323,30.14,2022-07-07,2024-11-17,Paid,Micro,144429,410361.35,28,410361.35,2024-11-16,0.0,58.0,Medium Risk,18.0,10,30
ENE_0091,Energy & Utilities,Volta,412996,29.14,2023-04-25,2025-06-05,Late Payment,Medium,94777,533343.03,25,533343.03,2025-06-19,0.0,54.0,Medium Risk,9.0,30,15
TRA_0092,Trade,Western,404917,33.23,2022-03-02,2024-12-07,Paid,Small,68376,539470.92,33,539470.92,2024-12-03,0.0,57.0,Medium Risk,7.0,20,30
ENE_0093,Energy & Utilities,Central,360749,18.36,2018-07-23,2019-12-01,Defaulted,Small,231831,426982.52,16,29874.01,2019-11-01,397108.51,46.0,High Risk,26.0,20,0
FIS_0094,Fisheries,Volta,10074,10.87,2023-05-02,2025-10-06,Defaulted,Medium,7046,11169.04,29,997.01,2025-09-06,10172.03,58.0,Medium Risk,28.0,30,0
TRA_0095,Trade,Upper East,346729,32.73,2022-09-01,2025-03-21,Paid,Small,118671,460213.4,31,460213.4,2025-03-17,0.0,64.0,Medium Risk,14.0,20,30
FIS_0096,Fisheries,Volta,268981,29.65,2021-11-04,2024-08-21,Late Payment,Medium,226027,348733.87,34,348733.87,2024-08-23,0.0,79.0,Low Risk,34.0,30,15
FIS_0097,Fisheries,Upper East,381384,19.13,2022-02-09,2024-07-23,Paid,Medium,65122,454342.76,29,454342.76,2024-07-19,0.0,67.0,Medium Risk,7.0,30,30
AGR_0099,Agriculture,Greater Accra,181615,26.18,2022-02-09,2024-12-29,Paid,Small,49999,229161.81,35,229161.81,2024-12-25,0.0,61.0,Medium Risk,11.0,20,30
TRA_0100,Trade,Eastern,322364,22.85,2020-07-22,2022-11-09,Paid,Micro,308633,396024.17,28,396024.17,2022-11-04,0.0,78.0,Low Risk,38.0,10,30
AGR_0101,Agriculture,Ashanti,234151,32.72,2023-11-25,2026-05-23,Late Payment,Small,225844,310765.21,30,310765.21,2026-05-28,0.0,74.0,Low Risk,39.0,20,15
ENE_0102,Energy & Utilities,Central,334311,28.8,2023-01-09,2025-08-10,Defaulted,Micro,333137,430592.57,31,30926.01,2025-07-11,399666.56,50.0,High Risk,40.0,10,0
MAN_0103,Manufacturing,Upper West,173793,21.7,2021-04-21,2023-08-04,Defaulted,Small,137173,211506.08,27,18471.85,2023-07-05,193034.23,52.0,Medium Risk,32.0,20,0
AGR_0104,Agriculture,Greater Accra,134252,19.44,2018-05-03,2020-07-10,Late Payment,Medium,71165,160350.59,26,160350.59,2020-07-18,0.0,66.0,Medium Risk,21.0,30,15
MAN_0105,Manufacturing,Volta,70578,21.6,2023-12-21,2025-09-26,Paid,Small,63081,85822.85,21,85822.85,2025-09-23,0.0,86.0,Low Risk,36.0,20,30
FIS_0106,Fisheries,Central,291373,19.67,2023-12-19,2025-07-13,Paid,Medium,40303,348686.07,19,348686.07,2025-07-12,0.0,66.0,Medium Risk,6.0,30,30
TRA_0107,Trade,Western,216785,22.43,2023-11-26,2026-05-09,Late Payment,Medium,166355,265409.88,29,265409.88,2026-05-29,0.0,76.0,Low Risk,31.0,30,15
MAN_0108,Manufacturing,Upper West,248389,13.38,2021-09-11,2022-11-29,Defaulted,Medium,126315,281623.45,14,17598.03,2022-10-30,264025.42,50.0,High Risk,20.0,30,0
FIS_0110,Fisheries,Upper West,388664,34.81,2023-07-26,2025-07-13,Defaulted,Medium,15119,523957.94,23,44021.74,2025-06-13,479936.2,32.0,High Risk,2.0,30,0
MAN_0111,Manufacturing,Western,127707,21.35,2022-09-15,2025-02-07,Paid,Micro,122577,154972.44,29,154972.44,2025-02-03,0.0,78.0,Low Risk,38.0,10,30
ENE_0112,Energy & Utilities,Greater Accra,32911,15.19,2023-02-18,2025-12-16,Late Payment,Small,26132,37910.18,34,37910.18,2025-12-29,0.0,67.0,Medium Risk,32.0,20,15
TRA_0113,Trade,Ashanti,260075,23.67,2021-07-15,2022-07-21,Late Payment,Medium,91857,321634.75,12,321634.75,2022-07-25,0.0,59.0,Medium Risk,14.0,30,15
TRA_0114,Trade,Volta,164141,12.63,2022-12-16,2025-04-10,Late Payment,Small,20628,184872.01,28,184872.01,2025-04-22,0.0,40.0,High Risk,5.0,20,15
FIS_0115,Fisheries,Volta,280047,21.22,2021-09-22,2023-06-27,Late Payment,Micro,142057,339472.97,21,339472.97,2023-06-30,0.0,45.0,High Risk,20.0,10,15
MAN_0116,Manufacturing,Western,225548,14.08,2019-07-13,2021-12-31,Late Payment,Micro,38149,257305.16,30,257305.16,2022-01-13,0.0,32.0,High Risk,7.0,10,15
TRA_0117,Trade,Upper West,355300,30.3,2021-07-11,2022-07-14,Defaulted,Small,37522,462955.9,12,33523.42,2022-06-14,429432.48,24.0,High Risk,4.0,20,0
FIS_0118,Fisheries,Volta,467735,26.15,2023-02-25,2025-04-06,Defaulted,Micro,450253,590047.7,25,35456.75,2025-03-07,554590.95,49.0,High Risk,39.0,10,0
TRA_0119,Trade,Upper East,402367,24.15,2022-01-01,2024-07-18,Late Payment,Micro,375459,499538.63,30,499538.63,2024-08-04,0.0,62.0,Medium Risk,37.0,10,15
TRA_0121,Trade,Western,276367,28.79,2021-10-10,2022-11-29,Late Payment,Medium,58873,355933.06,13,355933.06,2022-12-07,0.0,54.0,Medium Risk,9.0,30,15
TRA_0122,Trade,Northern,377094,20.75,2023-11-18,2025-07-06,Late Payment,Medium,84132,455341.01,19,455341.01,2025-07-11,0.0,54.0,Medium Risk,9.0,30,15
ENE_0123,Energy & Utilities,Northern,415681,15.93,2023-07-10,2025-03-25,Paid,Micro,216370,481898.98,20,481898.98,2025-03-20,0.0,61.0,Medium Risk,21.0,10,30
MAN_0124,Manufacturing,Greater Accra,301171,30.77,2019-05-12,2021-02-13,Defaulted,Medium,298189,393841.32,21,38054.51,2021-01-14,355786.81,70.0,Medium Risk,40.0,30,0
ENE_0125,Energy & Utilities,Upper East,194191,27.14,2018-01-06,2020-02-18,Defaulted,Small,104780,246894.44,25,21821.85,2020-01-19,225072.59,42.0,High Risk,22.0,20,0
MAN_0126,Manufacturing,Volta,330632,33.37,2021-11-26,2024-09-12,Defaulted,Medium,197301,440963.9,34,34292.08,2024-08-13,406671.82,54.0,Medium Risk,24.0,30,0
MAN_0127,Manufacturing,Volta,125044,17.15,2021-05-18,2023-08-07,Late Payment,Micro,44965,146489.05,27,146489.05,2023-08-13,0.0,39.0,High Risk,14.0,10,15
AGR_0128,Agriculture,Northern,108738,33.65,2019-06-25,2021-08-03,Late Payment,Medium,21533,145328.34,25,145328.34,2021-08-17,0.0,53.0,Medium Risk,8.0,30,15
FIS_0129,Fisheries,Ashanti,285157,16.96,2022-07-14,2023-10-13,Defaulted,Micro,21783,333519.63,15,23535.42,2023-09-13,309984.21,13.0,High Risk,3.0,10,0
FIS_0130,Fisheries,Ashanti,334648,25.34,2022-01-05,2024-06-15,Late Payment,Small,312866,419447.8,29,419447.8,2024-06-30,0.0,72.0,Low Risk,37.0,20,15
AGR_0131,Agriculture,Ashanti,196939,26.58,2020-06-20,2022-01-01,Defaulted,Micro,31647,249285.39,18,20226.09,2021-12-02,229059.3,16.0,High Risk,6.0,10,0
TRA_0132,Trade,Northern,319706,11.01,2023-06-09,2024-06-28,Defaulted,Small,62308,354905.63,12,24626.05,2024-05-29,330279.58,28.0,High Risk,8.0,20,0
MAN_0133,Manufacturing,Volta,312757,27.56,2022-05-28,2023-09-18,Late Payment,Micro,173546,398952.83,15,398952.83,2023-09-30,0.0,47.0,High Risk,22.0,10,15
AGR_0134,Agriculture,Western,422643,27.17,2023-01-24,2024-04-25,Late Payment,Micro,353306,537475.1,15,537475.1,2024-05-11,0.0,58.0,Medium Risk,33.0,10,15
ENE_0135,Energy & Utilities,Western,416208,10.27,2022-05-03,2024-09-27,Paid,Micro,224358,458952.56,29,458952.56,2024-09-22,0.0,62.0,Medium Risk,22.0,10,30
TRA_0136,Trade,Central,124258,16.85,2020-09-03,2021-11-13,Paid,Small,32529,145195.47,14,145195.47,2021-11-08,0.0,60.0,Medium Risk,10.0,20,30
AGR_0137,Agriculture,Upper West,469813,16.96,2018-05-05,2021-05-01,Paid,Small,437083,549493.28,36,549493.28,2021-04-27,0.0,87.0,Low Risk,37.0,20,30
FIS_0138,Fisheries,Upper East,296973,13.59,2022-10-02,2025-09-26,Defaulted,Medium,65647,337331.63,36,32743.05,2025-08-27,304588.58,39.0,High Risk,9.0,30,0
TRA_0140,Trade,Upper East,423632,16.44,2019-11-12,2021-04-05,Defaulted,Micro,25435,493277.1,17,30829.39,2021-03-06,462447.71,12.0,High Risk,2.0,10,0
FIS_0141,Fisheries,Northern,180730,15.31,2023-03-26,2024-05-29,Late Payment,Small,102876,208399.76,14,208399.76,2024-06-01,0.0,58.0,Medium Risk,23.0,20,15
FIS_0142,Fisheries,Greater Accra,333445,13.45,2023-12-07,2026-10-01,Paid,Small,104824,378293.35,34,378293.35,2026-10-01,0.0,63.0,Medium Risk,13.0,20,30
TRA_0143,Trade,Central,82306,13.08,2023-01-28,2025-04-19,Defaulted,Medium,27586,93071.62,27,4822.96,2025-03-20,88248.66,43.0,High Risk,13.0,30,0
ENE_0144,Energy & Utilities,Greater Accra,83324,33.59,2020-09-19,2022-12-01,Late Payment,Small,48698,111312.53,26,111312.53,2022-12-06,0.0,58.0,Medium Risk,23.0,20,15
TRA_0145,Trade,Volta,423983,12.3,2022-06-21,2024-09-18,Late Payment,Small,404277,476132.91,27,476132.91,2024-09-24,0.0,73.0,Low Risk,38.0,20,15
ENE_0146,Energy & Utilities,Upper East,173603,30.49,2019-06-23,2021-09-18,Late Payment,Small,66716,226534.55,27,226534.55,2021-09-27,0.0,50.0,High Risk,15.0,20,15
TRA_0147,Trade,Central,313402,18.2,2023-03-20,2024-08-21,Defaulted,Medium,58571,370441.16,17,35631.48,2024-07-22,334809.68,37.0,High Risk,7.0,30,0
MAN_0148,Manufacturing,Volta,369275,20.58,2022-01-21,2023-07-04,Paid,Micro,258312,445271.8,17,445271.8,2023-07-04,0.0,68.0,Medium Risk,28.0,10,30
FIS_0149,Fisheries,Upper West,88298,26.68,2020-04-07,2021-06-03,Defaulted,Small,49829,111855.91,14,5739.11,2021-05-04,106116.8,43.0,High Risk,23.0,20,0
AGR_0150,Agriculture,Greater Accra,198648,29.69,2018-04-23,2019-07-03,Late Payment,Micro,95618,257626.59,14,257626.59,2019-07-18,0.0,44.0,High Risk,19.0,10,15
ENE_0151,Energy & Utilities,Upper West,70082,15.1,2021-08-07,2023-04-04,Late Payment,Micro,35074,80664.38,20,80664.38,2023-04-23,0.0,45.0,High Risk,20.0,10,15
FIS_0152,Fisheries,Upper East,496237,24.37,2023-04-09,2026-03-06,Paid,Micro,454180,617169.96,35,617169.96,2026-03-01,0.0,77.0,Low Risk,37.0,10,30
TRA_0153,Trade,Volta,243562,14.61,2018-05-20,2019-06-24,Paid,Medium,120614,279146.41,13,279146.41,2019-06-24,0.0,80.0,Low Risk,20.0,30,30
MAN_0154,Manufacturing,Volta,126490,30.29,2023-09-14,2026-07-21,Paid,Small,107399,164803.82,34,164803.82,2026-07-20,0.0,84.0,Low Risk,34.0,20,30
AGR_0156,Agriculture,Ashanti,424705,19.75,2023-02-15,2025-06-06,Late Payment,Micro,8542,508584.24,28,508584.24,2025-06-23,0.0,26.0,High Risk,1.0,10,15
FIS_0157,Fisheries,Upper West,349435,22.39,2021-09-02,2023-03-29,Paid,Micro,86267,427673.5,19,427673.5,2023-03-26,0.0,50.0,High Risk,10.0,10,30
FIS_0158,Fisheries,Central,378215,22.31,2022-10-27,2025-06-10,Paid,Small,201054,462594.77,31,462594.77,2025-06-07,0.0,71.0,Low Risk,21.0,20,30
ENE_0159,Energy & Utilities,Upper East,19151,16.18,2019-10-17,2021-03-22,Defaulted,Small,17504,22249.63,17,1359.1,2021-02-20,20890.53,57.0,Medium Risk,37.0,20,0
FIS_0160,Fisheries,Greater Accra,381511,13.55,2019-04-21,2021-08-10,Late Payment,Small,64059,433205.74,28,433205.74,2021-08-15,0.0,42.0,High Risk,7.0,20,15
MAN_0161,Manufacturing,Greater Accra,470078,25.18,2019-03-28,2021-03-02,Paid,Micro,170966,588443.64,23,588443.64,2021-02-28,0.0,55.0,Medium Risk,15.0,10,30
ENE_0162,Energy & Utilities,Central,146643,16.53,2018-12-18,2020-08-18,Defaulted,Medium,40937,170883.09,20,16644.63,2020-07-19,154238.46,41.0,High Risk,11.0,30,0
AGR_0163,Agriculture,Ashanti,449818,33.87,2020-06-07,2023-05-15,Defaulted,Medium,246486,602171.36,35,38493.64,2023-04-15,563677.72,52.0,Medium Risk,22.0,30,0
TRA_0164,Trade,Eastern,436811,22.03,2019-11-20,2021-01-22,Paid,Small,7208,533040.46,14,533040.46,2021-01-17,0.0,51.0,Medium Risk,1.0,20,30
TRA_0165,Trade,Greater Accra,215685,24.2,2019-07-23,2021-07-24,Late Payment,Medium,35227,267880.77,24,267880.77,2021-07-27,0.0,52.0,Medium Risk,7.0,30,15
AGR_0166,Agriculture,Upper West,323195,32.29,2021-02-12,2022-04-18,Late Payment,Micro,155002,427554.67,14,427554.67,2022-05-01,0.0,44.0,High Risk,19.0,10,15
ENE_0167,Energy & Utilities,Northern,485314,22.05,2022-06-14,2023-10-27,Defaulted,Small,5682,592325.74,16,40769.0,2023-09-27,551556.74,20.0,High Risk,0.0,20,0
MAN_0168,Manufacturing,Central,167394,25.12,2019-02-01,2021-08-22,Paid,Small,82999,209443.37,31,209443.37,2021-08-20,0.0,70.0,Medium Risk,20.0,20,30
ENE_0169,Energy & Utilities,Ashanti,90100,26.33,2021-10-07,2023-07-13,Paid,Micro,54108,113823.33,21,113823.33,2023-07-11,0.0,64.0,Medium Risk,24.0,10,30
AGR_0170,Agriculture,Eastern,100169,14.46,2022-07-22,2025-04-23,Defaulted,Small,96643,114653.44,33,10086.56,2025-03-24,104566.88,59.0,Medium Risk,39.0,20,0
ENE_0171,Energy & Utilities,Greater Accra,186516,17.63,2019-08-27,2021-03-11,Paid,Micro,132964,219398.77,18,219398.77,2021-03-07,0.0,69.0,Medium Risk,29.0,10,30
AGR_0172,Agriculture,Northern,146681,28.72,2018-03-07,2020-06-01,Paid,Small,5416,188807.78,27,188807.78,2020-05-28,0.0,51.0,Medium Risk,1.0,20,30
AGR_0173,Agriculture,Central,444408,15.56,2020-05-26,2023-02-25,Paid,Small,197331,513557.88,33,513557.88,2023-02-20,0.0,68.0,Medium Risk,18.0,20,30
FIS_0174,Fisheries,Central,33538,27.2,2018-04-20,2020-12-26,Paid,Medium,29631,42660.34,32,42660.34,2020-12-21,0.0,95.0,Low Risk,35.0,30,30
TRA_0175,Trade,Western,250084,34.87,2019-11-12,2021-05-20,Defaulted,Medium,88112,337288.29,18,28188.36,2021-04-20,309099.93,44.0,High Risk,14.0,30,0
MAN_0176,Manufacturing,Eastern,92170,26.48,2018-10-11,2021-06-17,Late Payment,Small,10365,116576.62,32,116576.62,2021-06-25,0.0,39.0,High Risk,4.0,20,15
FIS_0177,Fisheries,Ashanti,21499,25.23,2020-04-11,2022-05-20,Paid,Medium,20084,26923.2,25,26923.2,2022-05-17,0.0,97.0,Low Risk,37.0,30,30
MAN_0178,Manufacturing,Western,144941,11.57,2023-01-21,2025-02-23,Paid,Medium,14393,161710.67,25,161710.67,2025-02-23,0.0,64.0,Medium Risk,4.0,30,30
TRA_0179,Trade,Greater Accra,498655,27.37,2018-03-23,2021-02-01,Late Payment,Medium,490137,635136.87,34,635136.87,2021-02-06,0.0,84.0,Low Risk,39.0,30,15
MAN_0180,Manufacturing,Ashanti,395066,17.3,2022-05-19,2025-01-09,Defaulted,Micro,280748,463412.42,32,31075.24,2024-12-10,432337.18,38.0,High Risk,28.0,10,0
FIS_0181,Fisheries,Western,207952,31.47,2018-12-20,2020-06-14,Late Payment,Micro,156854,273394.49,18,273394.49,2020-06-24,0.0,55.0,Medium Risk,30.0,10,15
FIS_0182,Fisheries,Eastern,105420,22.63,2020-01-06,2021-06-12,Defaulted,Micro,93465,129276.55,17,6697.76,2021-05-13,122578.79,45.0,High Risk,35.0,10,0
ENE_0183,Energy & Utilities,Upper East,109598,30.29,2018-01-03,2020-10-30,Late Payment,Small,28681,142795.23,34,142795.23,2020-10-31,0.0,45.0,High Risk,10.0,20,15
TRA_0184,Trade,Western,378462,23.77,2022-07-13,2024-07-19,Defaulted,Medium,235070,468422.42,24,45249.93,2024-06-19,423172.49,55.0,Medium Risk,25.0,30,0
MAN_0186,Manufacturing,Central,78389,20.28,2018-06-27,2019-11-18,Defaulted,Small,18817,94286.29,16,6809.8,2019-10-19,87476.49,30.0,High Risk,10.0,20,0
AGR_0187,Agriculture,Central,404898,32.17,2021-02-03,2023-03-11,Paid,Micro,48766,535153.69,25,535153.69,2023-03-08,0.0,45.0,High Risk,5.0,10,30
MAN_0188,Manufacturing,Upper West,422823,18.72,2022-09-16,2025-06-07,Defaulted,Small,258246,501975.47,33,28901.82,2025-05-08,473073.65,44.0,High Risk,24.0,20,0
MAN_0189,Manufacturing,Western,346370,34.89,2023-06-05,2025-09-12,Late Payment,Small,85784,467218.49,27,467218.49,2025-09-27,0.0,45.0,High Risk,10.0,20,15
ENE_0190,Energy & Utilities,Northern,42147,30.83,2019-01-03,2020-12-07,Paid,Micro,25960,55140.92,23,55140.92,2020-12-06,0.0,65.0,Medium Risk,25.0,10,30
TRA_0191,Trade,Eastern,431637,27.47,2021-01-27,2023-10-12,Defaulted,Micro,285891,550207.68,32,49282.17,2023-09-12,500925.51,36.0,High Risk,26.0,10,0
MAN_0192,Manufacturing,Northern,221503,33.84,2019-05-19,2021-05-26,Late Payment,Small,140551,296459.62,24,296459.62,2021-06-11,0.0,60.0,Medium Risk,25.0,20,15
FIS_0193,Fisheries,Eastern,243489,10.82,2018-02-13,2020-09-28,Paid,Small,5211,269834.51,31,269834.51,2020-09-28,0.0,51.0,Medium Risk,1.0,20,30
MAN_0194,Manufacturing,Volta,367439,29.57,2019-09-10,2021-09-28,Late Payment,Medium,300843,476090.71,24,476090.71,2021-10-04,0.0,78.0,Low Risk,33.0,30,15
FIS_0195,Fisheries,Greater Accra,462023,13.68,2018-06-19,2020-07-14,Paid,Medium,409336,525227.75,25,525227.75,2020-07-13,0.0,95.0,Low Risk,35.0,30,30
ENE_0196,Energy & Utilities,Eastern,14646,32.69,2020-01-21,2021-10-10,Paid,Micro,12636,19433.78,20,19433.78,2021-10-08,0.0,75.0,Low Risk,35.0,10,30
ENE_0197,Energy & Utilities,Ashanti,293543,19.01,2022-04-18,2024-09-01,Paid,Medium,112216,349345.52,28,349345.52,2024-09-01,0.0,75.0,Low Risk,15.0,30,30
MAN_0198,Manufacturing,Central,137774,26.5,2021-04-02,2022-05-27,Defaulted,Small,105201,174284.11,14,10598.34,2022-04-27,163685.77,51.0,Medium Risk,31.0,20,0
ENE_0199,Energy & Utilities,Northern,284147,31.23,2023-08-09,2025-07-20,Paid,Medium,205735,372886.11,23,372886.11,2025-07-16,0.0,89.0,Low Risk,29.0,30,30
FIS_0200,Fisheries,Upper East,184771,23.49,2019-03-07,2021-10-21,Defaulted,Small,48919,228173.71,31,13605.79,2021-09-21,214567.92,31.0,High Risk,11.0,20,0
AGR_0201,Agriculture,Central,131398,34.61,2022-05-14,2024-05-11,Late Payment,Medium,88258,176874.85,24,176874.85,2024-05-30,0.0,72.0,Low Risk,27.0,30,15
ENE_0202,Energy & Utilities,Northern,76834,17.52,2023-10-02,2025-06-20,Late Payment,Micro,54705,90295.32,20,90295.32,2025-06-26,0.0,53.0,Medium Risk,28.0,10,15
MAN_0203,Manufacturing,Upper East,79082,24.0,2021-11-10,2023-10-07,Late Payment,Medium,18153,98061.68,23,98061.68,2023-10-16,0.0,54.0,Medium Risk,9.0,30,15
AGR_0204,Agriculture,Western,259960,25.14,2021-05-25,2023-09-26,Defaulted,Medium,6319,325313.94,28,23572.71,2023-08-27,301741.23,31.0,High Risk,1.0,30,0
MAN_0205,Manufacturing,Upper East,78711,24.86,2021-10-15,2024-04-26,Paid,Small,47628,98278.55,30,98278.55,2024-04-24,0.0,74.0,Low Risk,24.0,20,30
TRA_0206,Trade,Upper West,393406,33.49,2023-07-23,2026-04-16,Paid,Medium,255642,525157.67,33,525157.67,2026-04-14,0.0,86.0,Low Risk,26.0,30,30
TRA_0207,Trade,Volta,148980,10.23,2022-02-02,2023-07-01,Late Payment,Small,136572,164220.65,17,164220.65,2023-07-16,0.0,72.0,Low Risk,37.0,20,15
TRA_0208,Trade,Upper West,228625,16.54,2021-02-16,2022-04-01,Paid,Micro,98718,266439.58,13,266439.58,2022-03-29,0.0,57.0,Medium Risk,17.0,10,30
FIS_0209,Fisheries,Upper East,374342,32.96,2023-03-19,2025-08-26,Paid,Small,355535,497725.12,29,497725.12,2025-08-23,0.0,88.0,Low Risk,38.0,20,30
MAN_0210,Manufacturing,Eastern,267133,20.77,2020-05-28,2022-02-07,Paid,Small,241321,322616.52,20,322616.52,2022-02-04,0.0,86.0,Low Risk,36.0,20,30
TRA_0211,Trade,Ashanti,171102,11.95,2021-05-20,2022-06-24,Defaulted,Small,22330,191548.69,13,18695.29,2022-05-25,172853.4,25.0,High Risk,5.0,20,0
ENE_0212,Energy & Utilities,Northern,230108,19.19,2023-12-07,2026-10-31,Late Payment,Small,119705,274265.73,35,274265.73,2026-11-13,0.0,56.0,Medium Risk,21.0,20,15
AGR_0213,Agriculture,Greater Accra,482298,28.63,2020-08-24,2022-08-19,Defaulted,Medium,478192,620379.92,24,34216.49,2022-07-20,586163.43,70.0,Medium Risk,40.0,30,0
MAN_0214,Manufacturing,Ashanti,313095,32.96,2021-10-09,2023-09-07,Late Payment,Small,295560,416291.11,23,416291.11,2023-09-27,0.0,73.0,Low Risk,38.0,20,15
TRA_0215,Trade,Eastern,400404,19.89,2022-06-16,2024-08-20,Late Payment,Small,215635,480044.36,26,480044.36,2024-08-23,0.0,57.0,Medium Risk,22.0,20,15
AGR_0216,Agriculture,Greater Accra,150671,21.73,2021-02-23,2022-08-11,Late Payment,Small,56007,183411.81,17,183411.81,2022-08-17,0.0,50.0,High Risk,15.0,20,15
FIS_0217,Fisheries,Volta,297974,22.59,2019-04-22,2022-04-02,Paid,Small,13249,365286.33,35,365286.33,2022-03-31,0.0,52.0,Medium Risk,2.0,20,30
TRA_0219,Trade,Greater Accra,119392,34.23,2022-05-22,2024-09-04,Late Payment,Small,16409,160259.88,27,160259.88,2024-09-05,0.0,40.0,High Risk,5.0,20,15
TRA_0220,Trade,Upper East,115004,25.14,2019-06-04,2021-02-07,Late Payment,Micro,81994,143916.01,20,143916.01,2021-02-09,0.0,54.0,Medium Risk,29.0,10,15
ENE_0221,Energy & Utilities,Upper East,26044,26.6,2021-05-23,2023-05-13,Defaulted,Small,24416,32971.7,24,2347.22,2023-04-13,30624.48,57.0,Medium Risk,37.0,20,0
ENE_0222,Energy & Utilities,Ashanti,437973,10.84,2023-10-17,2024-10-21,Late Payment,Micro,294060,485449.27,12,485449.27,2024-11-10,0.0,52.0,Medium Risk,27.0,10,15
TRA_0223,Trade,Ashanti,279045,32.74,2021-03-08,2023-06-14,Defaulted,Small,189253,370404.33,27,28513.1,2023-05-15,341891.23,47.0,High Risk,27.0,20,0
MAN_0224,Manufacturing,Western,373493,31.88,2018-02-20,2020-06-07,Late Payment,Micro,355556,492562.57,27,492562.57,2020-06-24,0.0,63.0,Medium Risk,38.0,10,15
ENE_0225,Energy & Utilities,Central,387255,24.84,2023-11-05,2026-05-24,Late Payment,Small,276645,483449.14,31,483449.14,2026-06-03,0.0,64.0,Medium Risk,29.0,20,15
ENE_0226,Energy & Utilities,Ashanti,472294,15.68,2020-06-09,2022-05-03,Late Payment,Small,425483,546349.7,23,546349.7,2022-05-04,0.0,71.0,Low Risk,36.0,20,15
FIS_0227,Fisheries,Volta,316869,12.65,2019-06-15,2021-11-30,Defaulted,Micro,115433,356952.93,29,31462.79,2021-10-31,325490.14,25.0,High Risk,15.0,10,0
TRA_0228,Trade,Upper West,76987,26.93,2019-03-19,2020-07-13,Defaulted,Medium,49458,97719.6,16,5779.85,2020-06-13,91939.75,56.0,Medium Risk,26.0,30,0
AGR_0229,Agriculture,Eastern,371839,21.04,2022-06-08,2023-07-14,Defaulted,Micro,153371,450073.93,13,38776.66,2023-06-14,411297.27,26.0,High Risk,16.0,10,0
AGR_0230,Agriculture,Western,88063,30.81,2019-04-16,2020-06-01,Defaulted,Small,86990,115195.21,13,10463.75,2020-05-02,104731.46,60.0,Medium Risk,40.0,20,0
AGR_0231,Agriculture,Greater Accra,457153,25.11,2022-10-17,2025-03-11,Paid,Micro,180843,571944.12,29,571944.12,2025-03-08,0.0,56.0,Medium Risk,16.0,10,30
TRA_0232,Trade,Ashanti,265582,21.34,2023-05-28,2025-01-13,Paid,Medium,54121,322257.2,19,322257.2,2025-01-12,0.0,68.0,Medium Risk,8.0,30,30
ENE_0233,Energy & Utilities,Northern,330324,10.51,2018-11-16,2021-05-15,Paid,Medium,184948,365041.05,30,365041.05,2021-05-15,0.0,82.0,Low Risk,22.0,30,30
FIS_0234,Fisheries,Central,282805,31.26,2021-09-18,2023-03-29,Defaulted,Small,270421,371209.84,18,35909.26,2023-02-27,335300.58,58.0,Medium Risk,38.0,20,0
TRA_0235,Trade,Western,298742,13.62,2019-11-04,2022-02-22,Defaulted,Medium,147229,339430.66,28,22535.95,2022-01-23,316894.71,50.0,High Risk,20.0,30,0
TRA_0236,Trade,Ashanti,359763,14.23,2018-08-27,2021-02-11,Late Payment,Micro,117185,410957.27,29,410957.27,2021-03-02,0.0,38.0,High Risk,13.0,10,15
ENE_0237,Energy & Utilities,Northern,394517,30.42,2020-05-16,2022-02-15,Paid,Small,360616,514529.07,21,514529.07,2022-02-13,0.0,87.0,Low Risk,37.0,20,30
MAN_0238,Manufacturing,Central,207798,26.16,2022-04-28,2024-08-07,Defaulted,Micro,45188,262157.96,27,19519.45,2024-07-08,242638.51,19.0,High Risk,9.0,10,0
FIS_0239,Fisheries,Central,80953,24.04,2023-06-15,2024-06-28,Paid,Medium,11749,100414.1,12,100414.1,2024-06-28,0.0,66.0,Medium Risk,6.0,30,30
AGR_0240,Agriculture,Ashanti,362761,26.65,2021-02-24,2022-06-08,Late Payment,Medium,107794,459436.81,15,459436.81,2022-06-26,0.0,57.0,Medium Risk,12.0,30,15
AGR_0241,Agriculture,Northern,461366,29.08,2019-07-27,2021-08-12,Late Payment,Medium,24114,595531.23,24,595531.23,2021-08-22,0.0,47.0,High Risk,2.0,30,15
ENE_0242,Energy & Utilities,Northern,251863,34.71,2023-12-08,2026-08-10,Defaulted,Micro,122927,339284.65,32,30822.64,2026-07-11,308462.01,30.0,High Risk,20.0,10,0
MAN_0243,Manufacturing,Greater Accra,378058,16.79,2022-11-23,2025-09-02,Defaulted,Micro,26089,441533.94,33,34709.34,2025-08-03,406824.6,13.0,High Risk,3.0,10,0
TRA_0245,Trade,Northern,261181,10.39,2018-02-02,2020-03-17,Late Payment,Small,75796,288317.71,25,288317.71,2020-03-29,0.0,47.0,High Risk,12.0,20,15
FIS_0246,Fisheries,Central,463826,16.85,2019-05-26,2021-10-03,Defaulted,Medium,277031,541980.68,28,29793.59,2021-09-03,512187.09,54.0,Medium Risk,24.0,30,0
MAN_0247,Manufacturing,Central,423044,31.4,2021-12-22,2023-06-01,Paid,Micro,420301,555879.82,17,555879.82,2023-05-31,0.0,80.0,Low Risk,40.0,10,30
AGR_0248,Agriculture,Central,30607,14.12,2021-04-05,2024-03-19,Late Payment,Micro,14083,34928.71,35,34928.71,2024-03-24,0.0,43.0,High Risk,18.0,10,15
ENE_0250,Energy & Utilities,Greater Accra,200627,28.2,2022-10-07,2024-08-18,Late Payment,Micro,42092,257203.81,22,257203.81,2024-08-24,0.0,33.0,High Risk,8.0,10,15
TRA_0251,Trade,Central,106757,23.9,2018-04-25,2020-03-13,Defaulted,Medium,105420,132271.92,22,8848.3,2020-02-12,123423.62,69.0,Medium Risk,39.0,30,0
TRA_0252,Trade,Central,392385,16.5,2023-05-12,2026-03-23,Defaulted,Micro,166198,457128.53,34,43016.52,2026-02-21,414112.01,27.0,High Risk,17.0,10,0
FIS_0253,Fisheries,Western,45842,21.54,2023-02-02,2025-03-19,Late Payment,Medium,22724,55716.37,25,55716.37,2025-04-03,0.0,65.0,Medium Risk,20.0,30,15
FIS_0254,Fisheries,Volta,297998,18.95,2022-06-11,2025-04-03,Defaulted,Micro,183300,354468.62,34,32315.88,2025-03-04,322152.74,35.0,High Risk,25.0,10,0
AGR_0255,Agriculture,Ashanti,480458,30.73,2021-03-14,2022-06-02,Late Payment,Micro,380657,628102.74,14,628102.74,2022-06-16,0.0,57.0,Medium Risk,32.0,10,15
FIS_0256,Fisheries,Upper East,190905,21.01,2018-12-17,2020-07-05,Defaulted,Micro,180787,231014.14,18,12733.26,2020-06-05,218280.88,48.0,High Risk,38.0,10,0
TRA_0257,Trade,Eastern,372823,18.81,2021-02-17,2024-02-05,Defaulted,Small,201581,442951.01,36,43722.92,2024-01-06,399228.09,42.0,High Risk,22.0,20,0
FIS_0258,Fisheries,Central,26413,27.62,2018-11-20,2021-09-09,Paid,Medium,8694,33708.27,34,33708.27,2021-09-06,0.0,73.0,Low Risk,13.0,30,30
AGR_0259,Agriculture,Volta,223420,22.13,2018-08-24,2020-11-15,Paid,Micro,210235,272862.85,27,272862.85,2020-11-14,0.0,78.0,Low Risk,38.0,10,30
TRA_0260,Trade,Volta,24326,16.3,2019-03-26,2021-01-10,Late Payment,Medium,12855,28291.14,21,28291.14,2021-01-15,0.0,66.0,Medium Risk,21.0,30,15
AGR_0261,Agriculture,Eastern,45003,15.24,2018-04-19,2019-12-31,Defaulted,Micro,24417,51861.46,20,3482.67,2019-12-01,48378.79,32.0,High Risk,22.0,10,0
FIS_0262,Fisheries,Volta,429809,15.54,2019-11-23,2021-01-19,Defaulted,Micro,81928,496601.32,14,25570.49,2020-12-20,471030.83,18.0,High Risk,8.0,10,0
AGR_0263,Agriculture,Western,123990,23.72,2019-01-17,2021-06-22,Defaulted,Micro,103883,153400.43,29,13309.85,2021-05-23,140090.58,44.0,High Risk,34.0,10,0
FIS_0264,Fisheries,Central,89467,25.95,2023-08-02,2024-12-20,Paid,Small,87731,112683.69,16,112683.69,2024-12-18,0.0,89.0,Low Risk,39.0,20,30
ENE_0265,Energy & Utilities,Northern,212611,10.62,2020-04-17,2022-03-17,Paid,Small,155667,235190.29,23,235190.29,2022-03-17,0.0,79.0,Low Risk,29.0,20,30
AGR_0266,Agriculture,Greater Accra,330359,10.44,2018-07-05,2020-10-23,Paid,Small,20004,364848.48,28,364848.48,2020-10-22,0.0,52.0,Medium Risk,2.0,20,30
ENE_0267,Energy & Utilities,Eastern,381296,25.42,2019-02-09,2020-03-23,Late Payment,Medium,21695,478221.44,13,478221.44,2020-03-26,0.0,47.0,High Risk,2.0,30,15
ENE_0268,Energy & Utilities,Eastern,332898,19.63,2021-02-05,2022-11-20,Late Payment,Medium,320026,398245.88,21,398245.88,2022-11-27,0.0,83.0,Low Risk,38.0,30,15
ENE_0269,Energy & Utilities,Northern,229182,17.6,2021-01-22,2023-09-29,Defaulted,Micro,171806,269518.03,32,14567.27,2023-08-30,254950.76,40.0,High Risk,30.0,10,0
ENE_0270,Energy & Utilities,Greater Accra,395163,24.63,2022-05-05,2024-07-17,Paid,Small,292791,492491.65,26,492491.65,2024-07-16,0.0,80.0,Low Risk,30.0,20,30
FIS_0271,Fisheries,Northern,85666,26.62,2019-11-11,2022-08-04,Paid,Micro,67717,108470.29,33,108470.29,2022-08-02,0.0,72.0,Low Risk,32.0,10,30
MAN_0272,Manufacturing,Upper East,38433,30.69,2023-08-26,2024-12-16,Defaulted,Small,11319,50228.09,15,2972.41,2024-11-16,47255.68,32.0,High Risk,12.0,20,0
TRA_0273,Trade,Central,134590,33.51,2019-03-01,2021-06-04,Paid,Medium,9168,179691.11,27,179691.11,2021-06-03,0.0,63.0,Medium Risk,3.0,30,30
MAN_0274,Manufacturing,Northern,168042,17.32,2018-10-13,2020-06-10,Paid,Medium,33676,197146.87,20,197146.87,2020-06-08,0.0,68.0,Medium Risk,8.0,30,30
ENE_0275,Energy & Utilities,Volta,22230,17.37,2018-10-18,2020-04-17,Late Payment,Small,9164,26091.35,18,26091.35,2020-05-06,0.0,51.0,Medium Risk,16.0,20,15
FIS_0276,Fisheries,Northern,366693,33.81,2018-06-06,2021-03-23,Late Payment,Micro,178700,490671.9,34,490671.9,2021-04-08,0.0,44.0,High Risk,19.0,10,15
FIS_0277,Fisheries,Northern,493802,23.67,2018-09-02,2020-07-01,Paid,Micro,111525,610684.93,22,610684.93,2020-06-27,0.0,49.0,High Risk,9.0,10,30
AGR_0278,Agriculture,Central,279026,14.48,2023-09-08,2024-11-13,Paid,Medium,193048,319428.96,14,319428.96,2024-11-11,0.0,88.0,Low Risk,28.0,30,30
MAN_0279,Manufacturing,Western,71592,19.19,2018-08-22,2020-07-12,Defaulted,Medium,39853,85330.5,23,6629.16,2020-06-12,78701.34,52.0,Medium Risk,22.0,30,0
AGR_0280,Agriculture,Northern,67908,29.57,2022-04-12,2023-12-15,Defaulted,Micro,37835,87988.4,20,4416.77,2023-11-15,83571.63,32.0,High Risk,22.0,10,0
ENE_0281,Energy & Utilities,Central,399379,31.28,2022-12-20,2024-09-15,Paid,Medium,275072,524304.75,21,524304.75,2024-09-13,0.0,88.0,Low Risk,28.0,30,30
MAN_0282,Manufacturing,Volta,335621,30.46,2020-02-24,2021-03-10,Paid,Small,140545,437851.16,12,437851.16,2021-03-05,0.0,67.0,Medium Risk,17.0,20,30
TRA_0283,Trade,Upper West,14864,25.86,2023-07-22,2025-08-27,Late Payment,Small,5565,18707.83,25,18707.83,2025-09-06,0.0,50.0,High Risk,15.0,20,15
MAN_0284,Manufacturing,Central,269903,10.09,2018-05-25,2021-05-04,Late Payment,Small,217646,297136.21,35,297136.21,2021-05-23,0.0,67.0,Medium Risk,32.0,20,15
TRA_0285,Trade,Greater Accra,55630,20.72,2021-07-05,2023-06-11,Paid,Medium,32467,67156.54,23,67156.54,2023-06-06,0.0,83.0,Low Risk,23.0,30,30
ENE_0286,Energy & Utilities,Northern,118292,28.97,2022-10-01,2024-05-14,Defaulted,Medium,111663,152561.19,19,13857.01,2024-04-14,138704.18,68.0,Medium Risk,38.0,30,0
ENE_0287,Energy & Utilities,Greater Accra,262851,34.22,2018-12-09,2021-02-16,Defaulted,Medium,133695,352798.61,26,22996.03,2021-01-17,329802.58,50.0,High Risk,20.0,30,0
ENE_0288,Energy & Utilities,Upper East,383592,25.98,2019-01-26,2020-12-27,Paid,Small,378162,483249.2,23,483249.2,2020-12-27,0.0,89.0,Low Risk,39.0,20,30
MAN_0289,Manufacturing,Greater Accra,440099,11.97,2020-07-28,2023-03-08,Paid,Small,35918,492778.85,31,492778.85,2023-03-08,0.0,53.0,Medium Risk,3.0,20,30
AGR_0290,Agriculture,Upper West,390704,11.11,2019-09-06,2021-08-25,Late Payment,Micro,297428,434111.21,23,434111.21,2021-09-07,0.0,55.0,Medium Risk,30.0,10,15
AGR_0291,Agriculture,Western,249015,18.77,2018-11-22,2020-12-07,Late Payment,Medium,98774,295755.12,24,295755.12,2020-12-22,0.0,61.0,Medium Risk,16.0,30,15
MAN_0292,Manufacturing,Volta,432620,32.59,2019-06-24,2021-03-01,Paid,Medium,330766,573610.86,20,573610.86,2021-02-24,0.0,91.0,Low Risk,31.0,30,30
TRA_0293,Trade,Central,185423,34.87,2018-02-24,2019-07-06,Late Payment,Medium,70006,250080.0,16,250080.0,2019-07-25,0.0,60.0,Medium Risk,15.0,30,15
TRA_0294,Trade,Central,152398,31.46,2020-01-26,2022-05-01,Paid,Micro,77476,200342.41,27,200342.41,2022-05-01,0.0,60.0,Medium Risk,20.0,10,30
FIS_0295,Fisheries,Northern,184149,28.19,2021-07-01,2022-10-04,Defaulted,Medium,61391,236060.6,15,14976.4,2022-09-04,221084.2,43.0,High Risk,13.0,30,0
MAN_0296,Manufacturing,Upper West,86706,34.78,2023-06-21,2025-05-22,Late Payment,Medium,44314,116862.35,23,116862.35,2025-05-31,0.0,65.0,Medium Risk,20.0,30,15
AGR_0297,Agriculture,Central,205315,10.94,2023-11-11,2025-02-03,Defaulted,Medium,99099,227776.46,15,12925.67,2025-01-04,214850.79,49.0,High Risk,19.0,30,0
MAN_0298,Manufacturing,Upper West,492466,34.71,2023-12-03,2025-12-28,Late Payment,Small,64092,663400.95,25,663400.95,2026-01-09,0.0,40.0,High Risk,5.0,20,15
MAN_0299,Manufacturing,Upper East,381313,20.2,2022-07-17,2025-06-17,Defaulted,Medium,348016,458338.23,35,27695.36,2025-05-18,430642.87,67.0,Medium Risk,37.0,30,0
ENE_0300,Energy & Utilities,Upper West,467614,33.31,2022-03-15,2024-09-02,Defaulted,Medium,14764,623376.22,30,55449.58,2024-08-03,567926.64,31.0,High Risk,1.0,30,0
AGR_0301,Agriculture,Northern,94309,18.99,2021-01-14,2023-10-22,Late Payment,Micro,25870,112218.28,33,112218.28,2023-10-29,0.0,36.0,High Risk,11.0,10,15
AGR_0302,Agriculture,Upper East,320951,16.57,2019-10-25,2020-10-27,Late Payment,Medium,95022,374132.58,12,374132.58,2020-10-31,0.0,57.0,Medium Risk,12.0,30,15
FIS_0303,Fisheries,Central,238840,23.53,2019-10-20,2021-01-21,Defaulted,Medium,177984,295039.05,15,17931.09,2020-12-22,277107.96,60.0,Medium Risk,30.0,30,0
TRA_0304,Trade,Volta,494570,28.57,2019-11-09,2022-07-02,Late Payment,Medium,257686,635868.65,32,635868.65,2022-07-12,0.0,66.0,Medium Risk,21.0,30,15
TRA_0305,Trade,Western,191110,19.43,2023-10-02,2025-09-08,Paid,Micro,140742,228242.67,23,228242.67,2025-09-08,0.0,69.0,Medium Risk,29.0,10,30
FIS_0306,Fisheries,Upper East,40869,27.44,2022-09-06,2023-09-25,Defaulted,Small,28565,52083.45,12,4232.36,2023-08-26,47851.09,48.0,High Risk,28.0,20,0
TRA_0307,Trade,Upper East,211543,15.13,2019-09-13,2020-10-17,Paid,Micro,52024,243549.46,13,243549.46,2020-10-14,0.0,50.0,High Risk,10.0,10,30
ENE_0308,Energy & Utilities,Volta,145829,10.61,2018-09-27,2020-04-07,Paid,Small,142560,161301.46,18,161301.46,2020-04-04,0.0,89.0,Low Risk,39.0,20,30
TRA_0309,Trade,Volta,137887,10.57,2019-07-03,2021-08-14,Late Payment,Small,115200,152461.66,25,152461.66,2021-08-17,0.0,68.0,Medium Risk,33.0,20,15
MAN_0310,Manufacturing,Upper East,16372,22.04,2018-09-11,2020-08-16,Paid,Medium,5334,19980.39,23,19980.39,2020-08-12,0.0,73.0,Low Risk,13.0,30,30
TRA_0311,Trade,Western,21426,34.74,2023-02-04,2024-02-26,Late Payment,Small,13381,28869.39,12,28869.39,2024-03-17,0.0,60.0,Medium Risk,25.0,20,15
MAN_0312,Manufacturing,Upper West,359056,10.84,2022-01-11,2023-05-11,Late Payment,Small,136195,397977.67,16,397977.67,2023-05-17,0.0,50.0,High Risk,15.0,20,15
MAN_0313,Manufacturing,Volta,25373,34.25,2020-04-05,2023-01-04,Paid,Medium,5747,34063.25,33,34063.25,2023-01-04,0.0,69.0,Medium Risk,9.0,30,30
TRA_0314,Trade,Greater Accra,381817,22.77,2021-12-06,2023-06-27,Late Payment,Medium,279877,468756.73,18,468756.73,2023-07-09,0.0,74.0,Low Risk,29.0,30,15
TRA_0315,Trade,Ashanti,85716,23.31,2020-10-06,2021-11-13,Late Payment,Micro,42558,105696.4,13,105696.4,2021-11-15,0.0,45.0,High Risk,20.0,10,15
FIS_0316,Fisheries,Upper West,199808,24.41,2019-03-23,2021-03-26,Late Payment,Micro,13265,248581.13,24,248581.13,2021-03-31,0.0,28.0,High Risk,3.0,10,15
MAN_0317,Manufacturing,Volta,460973,11.02,2019-09-16,2021-01-06,Paid,Micro,210069,511772.22,15,511772.22,2021-01-04,0.0,58.0,Medium Risk,18.0,10,30
TRA_0318,Trade,Greater Accra,461641,33.74,2018-01-08,2019-04-08,Late Payment,Small,91202,617398.67,15,617398.67,2019-04-19,0.0,43.0,High Risk,8.0,20,15
ENE_0319,Energy & Utilities,Volta,469700,24.44,2023-06-08,2026-05-12,Defaulted,Small,145024,584494.68,35,44165.42,2026-04-12,540329.26,32.0,High Risk,12.0,20,0
FIS_0320,Fisheries,Ashanti,267193,21.8,2021-04-02,2023-06-22,Late Payment,Medium,110577,325441.07,27,325441.07,2023-07-06,0.0,62.0,Medium Risk,17.0,30,15
ENE_0321,Energy & Utilities,Greater Accra,216156,23.56,2018-05-23,2020-06-08,Paid,Medium,196495,267082.35,24,267082.35,2020-06-04,0.0,96.0,Low Risk,36.0,30,30
ENE_0322,Energy & Utilities,Greater Accra,243270,28.98,2023-09-08,2025-01-17,Paid,Medium,172421,313769.65,16,313769.65,2025-01-16,0.0,88.0,Low Risk,28.0,30,30
ENE_0323,Energy & Utilities,Upper East,150226,13.57,2023-09-02,2025-12-03,Paid,Medium,131083,170611.67,27,170611.67,2025-12-03,0.0,95.0,Low Risk,35.0,30,30
FIS_0324,Fisheries,Volta,245262,10.43,2019-02-15,2021-07-21,Paid,Medium,165106,270842.83,29,270842.83,2021-07-18,0.0,87.0,Low Risk,27.0,30,30
TRA_0325,Trade,Eastern,62978,22.9,2022-01-21,2023-09-20,Defaulted,Micro,43894,77399.96,20,6498.02,2023-08-21,70901.94,38.0,High Risk,28.0,10,0
AGR_0326,Agriculture,Eastern,463137,30.97,2021-08-20,2024-06-12,Late Payment,Small,343477,606570.53,34,606570.53,2024-06-27,0.0,65.0,Medium Risk,30.0,20,15
TRA_0327,Trade,Upper East,468512,17.49,2021-07-20,2024-07-06,Paid,Micro,284005,550454.75,36,550454.75,2024-07-03,0.0,64.0,Medium Risk,24.0,10,30
ENE_0328,Energy & Utilities,Eastern,134034,27.57,2018-09-24,2019-11-25,Paid,Medium,5757,170987.17,14,170987.17,2019-11-23,0.0,62.0,Medium Risk,2.0,30,30
TRA_0329,Trade,Eastern,451719,13.83,2022-02-03,2024-07-28,Defaulted,Medium,350413,514191.74,30,40794.58,2024-06-28,473397.16,61.0,Medium Risk,31.0,30,0
FIS_0330,Fisheries,Upper East,122744,24.56,2021-08-23,2024-05-11,Late Payment,Micro,29626,152889.93,33,152889.93,2024-05-21,0.0,35.0,High Risk,10.0,10,15
TRA_0331,Trade,Western,354528,22.93,2021-09-05,2023-09-12,Paid,Micro,47920,435821.27,24,435821.27,2023-09-10,0.0,45.0,High Risk,5.0,10,30
AGR_0333,Agriculture,Upper West,18533,25.05,2021-09-23,2024-03-13,Defaulted,Small,18099,23175.52,30,2091.27,2024-02-12,21084.25,59.0,Medium Risk,39.0,20,0
FIS_0334,Fisheries,Ashanti,312164,34.22,2018-07-20,2021-06-30,Defaulted,Medium,268218,418986.52,35,39144.38,2021-05-31,379842.14,64.0,Medium Risk,34.0,30,0
FIS_0335,Fisheries,Greater Accra,40720,11.43,2018-08-17,2020-06-11,Late Payment,Small,34466,45374.3,22,45374.3,2020-06-22,0.0,69.0,Medium Risk,34.0,20,15
TRA_0336,Trade,Volta,196495,12.13,2018-09-15,2020-01-06,Paid,Medium,182450,220329.84,15,220329.84,2020-01-02,0.0,97.0,Low Risk,37.0,30,30
AGR_0337,Agriculture,Western,184956,33.42,2023-08-26,2025-08-01,Paid,Medium,82487,246768.3,23,246768.3,2025-07-28,0.0,78.0,Low Risk,18.0,30,30
FIS_0338,Fisheries,Northern,216174,20.05,2018-08-25,2021-03-11,Late Payment,Small,75407,259516.89,30,259516.89,2021-03-13,0.0,49.0,High Risk,14.0,20,15
ENE_0339,Energy & Utilities,Eastern,193478,22.8,2022-12-14,2024-09-22,Paid,Micro,147149,237590.98,21,237590.98,2024-09-20,0.0,70.0,Medium Risk,30.0,10,30
MAN_0340,Manufacturing,Western,47289,10.48,2022-11-08,2025-07-23,Paid,Small,25942,52244.89,32,52244.89,2025-07-18,0.0,72.0,Low Risk,22.0,20,30
ENE_0341,Energy & Utilities,Northern,444042,16.02,2021-07-09,2023-05-12,Defaulted,Small,276591,515177.53,22,45251.81,2023-04-12,469925.72,45.0,High Risk,25.0,20,0
FIS_0342,Fisheries,Western,226151,15.88,2019-08-08,2020-12-31,Defaulted,Small,25699,262063.78,17,20179.14,2020-12-01,241884.64,25.0,High Risk,5.0,20,0
ENE_0343,Energy & Utilities,Eastern,74175,27.69,2021-05-07,2022-10-12,Late Payment,Medium,30299,94714.06,17,94714.06,2022-10-22,0.0,61.0,Medium Risk,16.0,30,15
MAN_0344,Manufacturing,Volta,309186,14.57,2019-06-04,2020-07-19,Paid,Micro,72953,354234.4,13,354234.4,2020-07-19,0.0,49.0,High Risk,9.0,10,30
TRA_0345,Trade,Greater Accra,322941,32.28,2018-09-28,2021-02-12,Paid,Small,200364,427186.35,28,427186.35,2021-02-12,0.0,75.0,Low Risk,25.0,20,30
ENE_0346,Energy & Utilities,Ashanti,143755,10.95,2018-08-25,2021-04-11,Paid,Micro,46161,159496.17,32,159496.17,2021-04-08,0.0,53.0,Medium Risk,13.0,10,30
MAN_0347,Manufacturing,Ashanti,435285,30.74,2022-04-23,2024-07-10,Late Payment,Small,173206,569091.61,26,569091.61,2024-07-19,0.0,51.0,Medium Risk,16.0,20,15
ENE_0349,Energy & Utilities,Northern,445939,27.57,2021-10-13,2023-01-28,Late Payment,Small,105629,568884.38,15,568884.38,2023-01-30,0.0,44.0,High Risk,9.0,20,15
AGR_0350,Agriculture,Upper West,234275,29.42,2021-05-04,2022-08-01,Paid,Small,27631,303198.71,15,303198.71,2022-07-27,0.0,55.0,Medium Risk,5.0,20,30
MAN_0351,Manufacturing,Greater Accra,483205,29.03,2020-02-11,2022-04-10,Late Payment,Micro,410675,623479.41,26,623479.41,2022-04-28,0.0,59.0,Medium Risk,34.0,10,15
ENE_0352,Energy & Utilities,Greater Accra,107206,32.06,2018-04-14,2020-08-23,Defaulted,Small,26280,141576.24,28,10536.23,2020-07-24,131040.01,30.0,High Risk,10.0,20,0
AGR_0353,Agriculture,Volta,452799,16.0,2020-09-10,2022-12-20,Late Payment,Medium,242814,525246.84,27,525246.84,2022-12-25,0.0,66.0,Medium Risk,21.0,30,15
MAN_0354,Manufacturing,Greater Accra,94544,18.16,2019-02-03,2020-09-21,Paid,Small,57365,111713.19,19,111713.19,2020-09-20,0.0,74.0,Low Risk,24.0,20,30
AGR_0355,Agriculture,Central,109456,25.63,2022-11-10,2025-07-25,Defaulted,Micro,87673,137509.57,32,13022.79,2025-06-25,124486.78,42.0,High Risk,32.0,10,0
TRA_0356,Trade,Greater Accra,414004,23.91,2018-07-06,2021-06-19,Defaulted,Medium,43652,512992.36,35,49713.73,2021-05-20,463278.63,34.0,High Risk,4.0,30,0
AGR_0357,Agriculture,Volta,391679,27.46,2022-04-03,2024-04-21,Defaulted,Small,49753,499234.05,24,47584.41,2024-03-22,451649.64,25.0,High Risk,5.0,20,0
AGR_0358,Agriculture,Central,152689,29.21,2018-03-25,2019-04-27,Defaulted,Medium,122297,197289.46,13,17150.26,2019-03-28,180139.2,62.0,Medium Risk,32.0,30,0
AGR_0359,Agriculture,Ashanti,411891,14.3,2023-06-17,2026-04-23,Late Payment,Small,324863,470791.41,34,470791.41,2026-05-13,0.0,67.0,Medium Risk,32.0,20,15
AGR_0360,Agriculture,Central,348933,24.91,2022-04-24,2023-04-30,Paid,Micro,54152,435852.21,12,435852.21,2023-04-28,0.0,46.0,High Risk,6.0,10,30
ENE_0361,Energy & Utilities,Greater Accra,21714,11.73,2021-07-09,2023-12-23,Defaulted,Small,6308,24261.05,29,1561.94,2023-11-23,22699.11,32.0,High Risk,12.0,20,0
FIS_0362,Fisheries,Eastern,477474,34.82,2022-05-20,2024-11-22,Defaulted,Micro,317165,643730.45,30,52057.61,2024-10-23,591672.84,37.0,High Risk,27.0,10,0
FIS_0363,Fisheries,Western,71227,25.95,2021-10-03,2024-08-01,Defaulted,Medium,32677,89710.41,34,8533.53,2024-07-02,81176.88,48.0,High Risk,18.0,30,0
MAN_0364,Manufacturing,Western,477259,19.93,2020-02-06,2022-06-14,Defaulted,Micro,447733,572376.72,28,50847.62,2022-05-15,521529.1,48.0,High Risk,38.0,10,0
MAN_0365,Manufacturing,Volta,237349,10.85,2019-05-15,2021-11-28,Paid,Micro,46103,263101.37,30,263101.37,2021-11-27,0.0,48.0,High Risk,8.0,10,30
TRA_0366,Trade,Volta,434315,33.72,2018-02-01,2019-06-16,Late Payment,Small,17156,580766.02,16,580766.02,2019-06-21,0.0,37.0,High Risk,2.0,20,15
TRA_0367,Trade,Upper East,319694,21.33,2023-11-06,2026-03-07,Paid,Medium,56405,387884.73,28,387884.73,2026-03-06,0.0,67.0,Medium Risk,7.0,30,30
AGR_0368,Agriculture,Northern,207586,21.25,2020-12-06,2022-07-18,Defaulted,Medium,201665,251698.03,19,22942.03,2022-06-18,228756.0,69.0,Medium Risk,39.0,30,0
FIS_0370,Fisheries,Northern,112477,14.69,2021-03-02,2024-01-11,Paid,Micro,18031,128999.87,34,128999.87,2024-01-09,0.0,46.0,High Risk,6.0,10,30
AGR_0371,Agriculture,Volta,379531,26.64,2018-10-10,2020-05-24,Defaulted,Micro,269444,480638.06,19,42124.59,2020-04-24,438513.47,38.0,High Risk,28.0,10,0
MAN_0372,Manufacturing,Eastern,111861,27.72,2020-02-12,2022-05-29,Late Payment,Micro,37344,142868.87,27,142868.87,2022-06-11,0.0,38.0,High Risk,13.0,10,15
AGR_0373,Agriculture,Upper East,313507,19.02,2022-03-08,2023-05-10,Defaulted,Micro,170667,373136.03,14,37068.63,2023-04-10,336067.4,32.0,High Risk,22.0,10,0
FIS_0374,Fisheries,Western,370010,19.81,2018-11-10,2021-05-05,Defaulted,Micro,341883,443308.98,30,23157.31,2021-04-05,420151.67,47.0,High Risk,37.0,10,0
FIS_0375,Fisheries,Northern,56296,15.9,2019-06-14,2020-08-16,Paid,Micro,32194,65247.06,14,65247.06,2020-08-13,0.0,63.0,Medium Risk,23.0,10,30
MAN_0376,Manufacturing,Upper West,55585,33.33,2021-04-08,2022-06-12,Defaulted,Medium,28799,74111.48,14,4528.93,2022-05-13,69582.55,51.0,Medium Risk,21.0,30,0
MAN_0377,Manufacturing,Ashanti,362184,28.98,2018-01-07,2020-06-27,Defaulted,Micro,82218,467144.92,30,35787.38,2020-05-28,431357.54,19.0,High Risk,9.0,10,0
FIS_0378,Fisheries,Western,289684,31.88,2018-04-20,2021-02-20,Late Payment,Small,177547,382035.26,34,382035.26,2021-03-12,0.0,60.0,Medium Risk,25.0,20,15
FIS_0379,Fisheries,Greater Accra,235061,26.58,2019-12-14,2022-11-28,Late Payment,Small,50685,297540.21,36,297540.21,2022-12-10,0.0,44.0,High Risk,9.0,20,15
FIS_0380,Fisheries,Central,228896,28.07,2020-05-27,2023-01-27,Late Payment,Micro,102178,293147.11,32,293147.11,2023-01-28,0.0,43.0,High Risk,18.0,10,15
AGR_0381,Agriculture,Upper East,398187,11.58,2021-03-06,2024-01-09,Late Payment,Small,291593,444297.05,34,444297.05,2024-01-18,0.0,64.0,Medium Risk,29.0,20,15
AGR_0382,Agriculture,Ashanti,445064,22.83,2020-10-17,2022-05-20,Paid,Small,12799,546672.11,19,546672.11,2022-05-18,0.0,51.0,Medium Risk,1.0,20,30
AGR_0383,Agriculture,Volta,46839,11.17,2018-12-09,2020-09-28,Late Payment,Micro,30629,52070.92,21,52070.92,2020-09-29,0.0,51.0,Medium Risk,26.0,10,15
AGR_0384,Agriculture,Volta,436749,21.93,2020-01-13,2021-11-24,Late Payment,Medium,350673,532528.06,23,532528.06,2021-12-12,0.0,77.0,Low Risk,32.0,30,15
MAN_0385,Manufacturing,Volta,209793,27.81,2019-09-06,2022-03-18,Late Payment,Small,55829,268136.43,30,268136.43,2022-03-28,0.0,46.0,High Risk,11.0,20,15
AGR_0386,Agriculture,Upper West,54331,29.59,2019-02-14,2020-07-29,Late Payment,Small,43926,70407.54,17,70407.54,2020-08-01,0.0,67.0,Medium Risk,32.0,20,15
MAN_0387,Manufacturing,Central,192845,13.72,2018-01-12,2020-05-01,Late Payment,Micro,127907,219303.33,28,219303.33,2020-05-13,0.0,52.0,Medium Risk,27.0,10,15
AGR_0388,Agriculture,Upper West,118203,18.53,2023-05-04,2025-09-19,Paid,Medium,57972,140106.02,28,140106.02,2025-09-18,0.0,80.0,Low Risk,20.0,30,30
AGR_0389,Agriculture,Upper West,260594,28.54,2021-06-27,2022-12-25,Late Payment,Medium,107101,334967.52760000003,18,334967.53,2023-01-01,0.0,61.0,Medium Risk,16.0,30,15
TRA_0390,Trade,Volta,226442,25.43,2020-07-21,2023-02-20,Late Payment,Small,207862,284026.2,31,284026.2,2023-02-21,0.0,72.0,Low Risk,37.0,20,15
ENE_0391,Energy & Utilities,Western,37979,32.81,2022-04-08,2024-10-05,Defaulted,Small,16649,50439.91,30,3910.76,2024-09-05,46529.15,38.0,High Risk,18.0,20,0
AGR_0392,Agriculture,Greater Accra,122985,12.78,2021-07-08,2022-07-10,Late Payment,Small,77833,138702.48,12,138702.48,2022-07-25,0.0,60.0,Medium Risk,25.0,20,15
FIS_0393,Fisheries,Volta,296562,21.59,2019-07-02,2022-06-09,Defaulted,Small,290482,360589.74,35,35016.33,2022-05-10,325573.41,59.0,Medium Risk,39.0,20,0
TRA_0394,Trade,Upper East,453777,18.1,2023-11-14,2025-03-30,Paid,Medium,337940,535910.64,16,535910.64,2025-03-29,0.0,90.0,Low Risk,30.0,30,30
MAN_0395,Manufacturing,Greater Accra,403695,11.57,2023-07-16,2025-05-25,Late Payment,Micro,150561,450402.51,22,450402.51,2025-06-02,0.0,40.0,High Risk,15.0,10,15
AGR_0396,Agriculture,Northern,196327,29.08,2018-06-04,2020-08-02,Late Payment,Medium,188572,253418.89,26,253418.89,2020-08-05,0.0,83.0,Low Risk,38.0,30,15
FIS_0397,Fisheries,Upper West,335990,27.8,2023-06-17,2026-03-21,Late Payment,Small,197605,429395.22,33,429395.22,2026-04-04,0.0,59.0,Medium Risk,24.0,20,15
FIS_0398,Fisheries,Volta,121531,12.91,2021-07-02,2024-02-27,Defaulted,Small,73081,137220.65,32,10198.77,2024-01-28,127021.88,44.0,High Risk,24.0,20,0
MAN_0399,Manufacturing,Greater Accra,492790,11.81,2023-12-15,2026-07-22,Defaulted,Medium,66109,550988.5,31,40194.19,2026-06-22,510794.31,35.0,High Risk,5.0,30,0
ENE_0400,Energy & Utilities,Greater Accra,148775,20.94,2021-01-05,2023-05-02,Defaulted,Small,113607,179928.49,28,17421.21,2023-04-02,162507.28,51.0,Medium Risk,31.0,20,0
MAN_0401,Manufacturing,Greater Accra,80623,21.57,2021-11-09,2023-06-19,Defaulted,Micro,5855,98013.38,19,8253.65,2023-05-20,89759.73,13.0,High Risk,3.0,10,0
ENE_0402,Energy & Utilities,Western,220513,15.75,2023-04-14,2025-11-08,Paid,Medium,167216,255243.8,31,255243.8,2025-11-04,0.0,90.0,Low Risk,30.0,30,30
ENE_0403,Energy & Utilities,Upper East,228850,10.22,2022-02-21,2023-08-22,Paid,Medium,53900,252238.47,18,252238.47,2023-08-22,0.0,69.0,Medium Risk,9.0,30,30
ENE_0404,Energy & Utilities,Eastern,311738,34.27,2019-04-21,2021-02-09,Defaulted,Medium,207915,418570.61,22,37365.18,2021-01-10,381205.43,57.0,Medium Risk,27.0,30,0
TRA_0405,Trade,Volta,24254,34.65,2018-06-11,2020-05-18,Paid,Medium,9142,32658.01,23,32658.01,2020-05-16,0.0,75.0,Low Risk,15.0,30,30
ENE_0406,Energy & Utilities,Upper East,236223,16.51,2020-07-03,2022-09-27,Paid,Micro,6555,275223.42,27,275223.42,2022-09-26,0.0,41.0,High Risk,1.0,10,30
MAN_0407,Manufacturing,Upper East,447205,17.31,2019-06-25,2021-10-15,Paid,Micro,421092,524616.19,28,524616.19,2021-10-10,0.0,78.0,Low Risk,38.0,10,30
ENE_0408,Energy & Utilities,Upper East,127988,22.58,2022-09-04,2025-05-25,Paid,Micro,11015,156887.69,33,156887.69,2025-05-20,0.0,43.0,High Risk,3.0,10,30
ENE_0409,Energy & Utilities,Greater Accra,422283,14.17,2019-03-16,2021-04-05,Late Payment,Medium,103469,482120.5,25,482120.5,2021-04-06,0.0,55.0,Medium Risk,10.0,30,15
FIS_0410,Fisheries,Upper East,45806,10.46,2021-02-28,2022-12-04,Paid,Small,24056,50597.31,21,50597.31,2022-12-02,0.0,71.0,Low Risk,21.0,20,30
FIS_0411,Fisheries,Upper West,344784,29.84,2019-10-19,2022-05-07,Defaulted,Medium,39954,447667.55,31,36373.36,2022-04-07,411294.19,35.0,High Risk,5.0,30,0
TRA_0412,Trade,Western,287897,21.73,2020-09-01,2022-09-19,Late Payment,Micro,270762,350457.02,24,350457.02,2022-09-24,0.0,63.0,Medium Risk,38.0,10,15
MAN_0413,Manufacturing,Central,251247,19.24,2018-03-07,2019-09-15,Paid,Small,119663,299586.92,18,299586.92,2019-09-15,0.0,69.0,Medium Risk,19.0,20,30
FIS_0414,Fisheries,Northern,446843,10.6,2018-11-22,2020-09-16,Late Payment,Micro,188293,494208.36,22,494208.36,2020-10-02,0.0,42.0,High Risk,17.0,10,15
TRA_0415,Trade,Eastern,104107,27.12,2020-10-12,2022-07-27,Paid,Small,6290,132340.82,21,132340.82,2022-07-27,0.0,52.0,Medium Risk,2.0,20,30
TRA_0416,Trade,Volta,69396,28.69,2018-05-02,2020-12-09,Defaulted,Small,7125,89305.71,31,6397.92,2020-11-09,82907.79,24.0,High Risk,4.0,20,0
TRA_0417,Trade,Eastern,82052,30.12,2020-12-21,2021-12-27,Late Payment,Small,27102,106766.06,12,106766.06,2021-12-30,0.0,48.0,High Risk,13.0,20,15
AGR_0419,Agriculture,Western,71383,32.25,2019-03-10,2021-05-13,Paid,Micro,35623,94404.02,26,94404.02,2021-05-13,0.0,60.0,Medium Risk,20.0,10,30
ENE_0420,Energy & Utilities,Western,330890,18.22,2020-07-20,2022-03-26,Defaulted,Micro,17380,391178.16,20,29293.92,2022-02-24,361884.24,12.0,High Risk,2.0,10,0
AGR_0421,Agriculture,Upper West,305941,12.08,2018-05-22,2020-05-25,Paid,Medium,171047,342898.67,24,342898.67,2020-05-25,0.0,82.0,Low Risk,22.0,30,30
ENE_0422,Energy & Utilities,Volta,28438,22.87,2022-12-15,2025-01-13,Defaulted,Small,18346,34941.77,25,3050.03,2024-12-14,31891.74,46.0,High Risk,26.0,20,0
AGR_0423,Agriculture,Northern,243982,20.74,2020-02-03,2022-01-15,Paid,Medium,183298,294583.87,23,294583.87,2022-01-13,0.0,90.0,Low Risk,30.0,30,30
ENE_0424,Energy & Utilities,Volta,73745,21.5,2018-08-21,2020-08-17,Late Payment,Micro,14570,89600.18,24,89600.18,2020-09-04,0.0,33.0,High Risk,8.0,10,15
FIS_0425,Fisheries,Western,380951,16.55,2023-08-20,2024-12-13,Defaulted,Small,151790,443998.39,16,34624.49,2024-11-13,409373.9,36.0,High Risk,16.0,20,0
ENE_0426,Energy & Utilities,Greater Accra,125209,29.24,2018-07-19,2020-11-11,Late Payment,Small,102002,161820.11,28,161820.11,2020-11-24,0.0,68.0,Medium Risk,33.0,20,15
FIS_0427,Fisheries,Upper West,388282,24.18,2020-09-22,2022-01-28,Defaulted,Micro,91325,482168.59,16,27959.15,2021-12-29,454209.44,19.0,High Risk,9.0,10,0
MAN_0428,Manufacturing,Upper East,308582,32.38,2019-11-12,2022-04-05,Defaulted,Small,12741,408500.85,29,21840.84,2022-03-06,386660.01,22.0,High Risk,2.0,20,0
ENE_0429,Energy & Utilities,Central,453855,11.07,2022-06-08,2023-11-15,Defaulted,Medium,96013,504096.75,17,39798.42,2023-10-16,464298.33,38.0,High Risk,8.0,30,0
TRA_0430,Trade,Ashanti,55416,33.96,2023-07-10,2025-01-23,Late Payment,Medium,32719,74235.27,18,74235.27,2025-02-01,0.0,69.0,Medium Risk,24.0,30,15
TRA_0431,Trade,Upper West,362292,18.01,2021-12-14,2023-05-08,Late Payment,Small,146085,427540.79,17,427540.79,2023-05-14,0.0,51.0,Medium Risk,16.0,20,15
MAN_0432,Manufacturing,Upper East,313791,20.25,2021-08-06,2024-03-01,Paid,Small,53504,377333.68,31,377333.68,2024-02-28,0.0,57.0,Medium Risk,7.0,20,30
FIS_0433,Fisheries,Greater Accra,101496,25.13,2018-06-01,2020-10-13,Paid,Micro,84665,127001.94,28,127001.94,2020-10-12,0.0,73.0,Low Risk,33.0,10,30
TRA_0434,Trade,Upper West,499512,30.43,2018-07-04,2019-07-27,Defaulted,Micro,441116,651513.5,12,38819.4,2019-06-27,612694.1,45.0,High Risk,35.0,10,0
MAN_0435,Manufacturing,Ashanti,438890,12.6,2022-06-08,2025-05-19,Defaulted,Medium,342495,494190.14,35,29890.99,2025-04-19,464299.15,61.0,Medium Risk,31.0,30,0
FIS_0436,Fisheries,Northern,67380,11.1,2022-04-06,2024-07-16,Paid,Micro,17213,74859.18,27,74859.18,2024-07-14,0.0,50.0,High Risk,10.0,10,30
TRA_0437,Trade,Upper West,56976,11.27,2023-11-02,2026-02-02,Paid,Small,56725,63397.2,27,63397.2,2026-01-29,0.0,90.0,Low Risk,40.0,20,30
MAN_0438,Manufacturing,Eastern,234779,17.51,2021-12-14,2023-03-22,Paid,Small,47988,275888.8,15,275888.8,2023-03-20,0.0,58.0,Medium Risk,8.0,20,30
TRA_0439,Trade,Western,427646,28.96,2022-03-06,2023-11-24,Defaulted,Small,406416,551492.2816,20,51602.87,2023-10-25,499889.41,58.0,Medium Risk,38.0,20,0
MAN_0440,Manufacturing,Greater Accra,483708,33.85,2022-08-17,2023-09-05,Paid,Micro,313914,647443.16,12,647443.16,2023-09-03,0.0,66.0,Medium Risk,26.0,10,30
FIS_0441,Fisheries,Western,326200,13.49,2019-10-17,2021-04-05,Defaulted,Medium,166999,370204.38,17,22889.57,2021-03-06,347314.81,50.0,High Risk,20.0,30,0
FIS_0442,Fisheries,Eastern,419676,32.57,2019-08-13,2020-09-05,Late Payment,Small,98232,556364.47,12,556364.47,2020-09-21,0.0,44.0,High Risk,9.0,20,15
AGR_0443,Agriculture,Eastern,132736,27.62,2018-09-25,2021-06-29,Paid,Micro,47038,169397.68,33,169397.68,2021-06-27,0.0,54.0,Medium Risk,14.0,10,30
TRA_0444,Trade,Central,39683,10.24,2023-09-02,2025-01-13,Late Payment,Small,32982,43746.54,16,43746.54,2025-01-28,0.0,68.0,Medium Risk,33.0,20,15
TRA_0445,Trade,Central,143626,30.08,2021-03-02,2023-06-08,Late Payment,Medium,101967,186828.7,27,186828.7,2023-06-12,0.0,73.0,Low Risk,28.0,30,15
ENE_0446,Energy & Utilities,Volta,250183,27.87,2023-08-23,2025-01-06,Late Payment,Micro,60742,319909.0,16,319909.0,2025-01-10,0.0,35.0,High Risk,10.0,10,15
FIS_0447,Fisheries,Western,113646,25.08,2022-07-26,2024-03-13,Defaulted,Micro,78686,142148.42,19,7967.55,2024-02-12,134180.87,38.0,High Risk,28.0,10,0
TRA_0448,Trade,Eastern,443745,30.48,2019-02-16,2021-12-15,Paid,Medium,132062,578998.48,34,578998.48,2021-12-14,0.0,72.0,Low Risk,12.0,30,30
TRA_0449,Trade,Greater Accra,319031,16.57,2022-08-25,2025-05-08,Late Payment,Medium,72016,371894.44,32,371894.44,2025-05-14,0.0,54.0,Medium Risk,9.0,30,15
TRA_0450,Trade,Western,28107,19.78,2018-08-28,2019-10-30,Late Payment,Medium,7085,33666.56,14,33666.56,2019-11-13,0.0,55.0,Medium Risk,10.0,30,15
TRA_0451,Trade,Northern,328996,11.31,2021-12-11,2024-02-22,Late Payment,Medium,147097,366205.45,26,366205.45,2024-03-09,0.0,63.0,Medium Risk,18.0,30,15
TRA_0452,Trade,Eastern,282027,20.25,2022-03-27,2023-11-26,Defaulted,Micro,218008,339137.47,20,18860.8,2023-10-27,320276.67,41.0,High Risk,31.0,10,0
ENE_0453,Energy & Utilities,Upper East,286656,29.33,2019-04-14,2021-04-09,Late Payment,Micro,86567,370732.2,24,370732.2,2021-04-10,0.0,37.0,High Risk,12.0,10,15
TRA_0454,Trade,Western,226814,26.62,2018-05-04,2019-06-29,Paid,Micro,6691,287191.89,14,287191.89,2019-06-29,0.0,41.0,High Risk,1.0,10,30
AGR_0456,Agriculture,Ashanti,348628,12.37,2023-03-12,2025-08-02,Paid,Medium,140057,391753.28,29,391753.28,2025-07-29,0.0,76.0,Low Risk,16.0,30,30
MAN_0457,Manufacturing,Volta,123490,19.75,2022-06-19,2025-05-08,Defaulted,Micro,32454,147879.28,35,11061.68,2025-04-08,136817.6,21.0,High Risk,11.0,10,0
FIS_0458,Fisheries,Ashanti,203060,11.36,2021-08-11,2024-07-23,Defaulted,Micro,156857,226127.62,35,15544.81,2024-06-23,210582.81,41.0,High Risk,31.0,10,0
ENE_0459,Energy & Utilities,Eastern,328418,11.55,2023-12-22,2025-11-22,Paid,Micro,294333,366350.28,23,366350.28,2025-11-22,0.0,76.0,Low Risk,36.0,10,30
MAN_0461,Manufacturing,Greater Accra,38628,12.8,2021-02-26,2022-11-04,Paid,Micro,29585,43572.38,20,43572.38,2022-10-31,0.0,71.0,Low Risk,31.0,10,30
AGR_0462,Agriculture,Ashanti,480096,14.91,2022-03-20,2024-06-27,Paid,Small,233146,551678.31,27,551678.31,2024-06-23,0.0,69.0,Medium Risk,19.0,20,30
MAN_0463,Manufacturing,Greater Accra,374466,10.27,2022-10-25,2024-12-31,Late Payment,Micro,165122,412923.66,26,412923.66,2025-01-11,0.0,43.0,High Risk,18.0,10,15
ENE_0464,Energy & Utilities,Upper West,480336,30.73,2023-07-02,2025-04-16,Defaulted,Micro,221854,627943.25,21,48785.72,2025-03-17,579157.53,28.0,High Risk,18.0,10,0
AGR_0465,Agriculture,Ashanti,268736,31.15,2021-11-12,2023-01-13,Paid,Medium,49695,352447.26,14,352447.26,2023-01-09,0.0,67.0,Medium Risk,7.0,30,30
AGR_0466,Agriculture,Central,364701,14.46,2023-12-13,2025-02-13,Defaulted,Small,198102,417436.76,14,32056.89,2025-01-14,385379.87,42.0,High Risk,22.0,20,0
AGR_0467,Agriculture,Volta,218850,27.92,2019-05-22,2021-06-01,Defaulted,Medium,62837,279952.92,24,19817.76,2021-05-02,260135.16,41.0,High Risk,11.0,30,0
AGR_0468,Agriculture,Central,191197,16.69,2023-07-05,2024-11-04,Defaulted,Small,162814,223107.78,16,15021.17,2024-10-05,208086.61,54.0,Medium Risk,34.0,20,0
FIS_0469,Fisheries,Ashanti,193109,18.0,2019-10-27,2021-08-27,Late Payment,Small,101942,227868.62,22,227868.62,2021-09-09,0.0,56.0,Medium Risk,21.0,20,15
TRA_0470,Trade,Northern,42136,23.08,2020-05-11,2022-08-13,Paid,Small,7534,51860.99,27,51860.99,2022-08-10,0.0,57.0,Medium Risk,7.0,20,30
ENE_0471,Energy & Utilities,Upper East,186204,27.86,2019-08-04,2022-07-01,Late Payment,Small,13466,238080.43,35,238080.43,2022-07-07,0.0,38.0,High Risk,3.0,20,15
TRA_0472,Trade,Eastern,325151,24.96,2018-10-18,2021-10-05,Late Payment,Medium,210862,406308.69,36,406308.69,2021-10-24,0.0,71.0,Low Risk,26.0,30,15
MAN_0473,Manufacturing,Greater Accra,197563,34.94,2020-07-08,2022-12-20,Defaulted,Micro,36079,266591.51,29,21252.52,2022-11-20,245338.99,17.0,High Risk,7.0,10,0
ENE_0474,Energy & Utilities,Upper East,274009,12.56,2022-10-04,2024-03-10,Late Payment,Medium,134192,308424.53,17,308424.53,2024-03-14,0.0,65.0,Medium Risk,20.0,30,15
TRA_0475,Trade,Ashanti,258145,31.59,2020-06-05,2022-02-15,Defaulted,Micro,246265,339693.01,20,31349.65,2022-01-16,308343.36,48.0,High Risk,38.0,10,0
TRA_0476,Trade,Central,154201,17.5,2020-11-01,2022-04-28,Paid,Medium,43168,181186.18,18,181186.18,2022-04-26,0.0,71.0,Low Risk,11.0,30,30
TRA_0477,Trade,Greater Accra,324448,31.4,2018-11-20,2021-02-08,Late Payment,Micro,218306,426324.67,27,426324.67,2021-02-18,0.0,52.0,Medium Risk,27.0,10,15
MAN_0478,Manufacturing,Upper West,68031,26.5,2020-01-07,2022-02-21,Paid,Medium,7457,86059.22,25,86059.22,2022-02-19,0.0,64.0,Medium Risk,4.0,30,30
AGR_0479,Agriculture,Northern,338744,17.13,2023-06-15,2025-07-11,Defaulted,Medium,22078,396770.85,25,29400.54,2025-06-11,367370.31,33.0,High Risk,3.0,30,0
FIS_0480,Fisheries,Western,456035,33.86,2022-04-26,2023-11-13,Paid,Micro,146821,610448.45,18,610448.45,2023-11-08,0.0,53.0,Medium Risk,13.0,10,30
FIS_0481,Fisheries,Central,467804,33.84,2023-12-06,2026-06-09,Paid,Medium,39064,626108.87,30,626108.87,2026-06-04,0.0,63.0,Medium Risk,3.0,30,30
AGR_0482,Agriculture,Volta,467438,26.77,2019-01-11,2021-06-16,Defaulted,Medium,366209,592571.15,29,40156.49,2021-05-17,552414.66,61.0,Medium Risk,31.0,30,0
FIS_0483,Fisheries,Northern,481472,20.81,2022-07-02,2023-09-14,Late Payment,Medium,298791,581666.32,14,581666.32,2023-09-30,0.0,70.0,Medium Risk,25.0,30,15
MAN_0484,Manufacturing,Upper East,487780,13.06,2019-04-14,2022-04-11,Defaulted,Micro,446666,551484.07,36,35014.65,2022-03-12,516469.42,47.0,High Risk,37.0,10,0
ENE_0485,Energy & Utilities,Central,387994,18.99,2020-01-25,2022-03-03,Late Payment,Small,90385,461674.06,25,461674.06,2022-03-08,0.0,44.0,High Risk,9.0,20,15
TRA_0486,Trade,Eastern,425254,16.89,2021-07-28,2023-06-25,Defaulted,Medium,378117,497079.4,23,34756.64,2023-05-26,462322.76,66.0,Medium Risk,36.0,30,0
ENE_0487,Energy & Utilities,Northern,280887,15.44,2020-10-16,2023-03-26,Paid,Micro,88766,324255.95,29,324255.95,2023-03-24,0.0,53.0,Medium Risk,13.0,10,30
ENE_0488,Energy & Utilities,Western,289511,19.34,2023-04-12,2024-08-03,Defaulted,Small,185548,345502.43,15,33762.77,2024-07-04,311739.66,46.0,High Risk,26.0,20,0
MAN_0489,Manufacturing,Greater Accra,302231,29.44,2022-05-02,2024-06-10,Defaulted,Micro,257699,391207.81,25,20916.66,2024-05-11,370291.15,44.0,High Risk,34.0,10,0
FIS_0490,Fisheries,Central,300517,28.77,2022-07-10,2023-08-09,Late Payment,Small,50643,386975.74,13,386975.74,2023-08-26,0.0,42.0,High Risk,7.0,20,15
ENE_0491,Energy & Utilities,Ashanti,195227,16.8,2022-06-09,2024-03-30,Defaulted,Micro,27564,228025.14,22,15349.83,2024-02-29,212675.31,16.0,High Risk,6.0,10,0
TRA_0492,Trade,Upper East,411968,31.86,2022-09-24,2024-10-03,Defaulted,Micro,286233,543221.0,24,46312.5,2024-09-03,496908.5,38.0,High Risk,28.0,10,0
MAN_0493,Manufacturing,Ashanti,425776,19.33,2019-04-27,2021-03-29,Late Payment,Medium,338259,508078.5,23,508078.5,2021-04-10,0.0,77.0,Low Risk,32.0,30,15
AGR_0494,Agriculture,Volta,322752,22.83,2023-11-28,2025-12-20,Paid,Micro,160598,396436.28,25,396436.28,2025-12-16,0.0,60.0,Medium Risk,20.0,10,30
TRA_0495,Trade,Volta,250721,17.37,2021-03-10,2022-05-03,Late Payment,Micro,96795,294271.24,13,294271.24,2022-05-10,0.0,40.0,High Risk,15.0,10,15
MAN_0496,Manufacturing,Volta,395629,13.31,2021-11-26,2024-10-28,Late Payment,Medium,373143,448287.22,35,448287.22,2024-11-14,0.0,83.0,Low Risk,38.0,30,15
ENE_0497,Energy & Utilities,Eastern,67541,34.28,2019-09-14,2021-03-05,Defaulted,Micro,65558,90694.05,17,7732.81,2021-02-03,82961.24,49.0,High Risk,39.0,10,0
AGR_0498,Agriculture,Ashanti,338747,31.72,2020-05-26,2021-11-30,Defaulted,Micro,124620,446197.55,18,36037.89,2021-10-31,410159.66,25.0,High Risk,15.0,10,0
ENE_0499,Energy & Utilities,Upper West,377219,19.57,2018-02-22,2019-05-06,Paid,Medium,12891,451040.76,14,451040.76,2019-05-04,0.0,61.0,Medium Risk,1.0,30,30
ENE_0500,Energy & Utilities,Volta,457695,30.86,2023-02-15,2025-10-11,Late Payment,Small,37379,598939.68,32,598939.68,2025-10-23,0.0,38.0,High Risk,3.0,20,15
MAN_0501,Manufacturing,Upper West,396896,25.11,2018-02-05,2020-09-25,Paid,Micro,345017,496556.59,32,496556.59,2020-09-24,0.0,75.0,Low Risk,35.0,10,30
MAN_0502,Manufacturing,Eastern,361202,15.18,2023-04-17,2026-02-03,Defaulted,Micro,287721,416032.46,34,22683.25,2026-01-04,393349.21,42.0,High Risk,32.0,10,0
FIS_0503,Fisheries,Greater Accra,110184,17.98,2021-06-17,2024-05-14,Defaulted,Small,103752,129995.08,35,8536.32,2024-04-14,121458.76,58.0,Medium Risk,38.0,20,0
FIS_0504,Fisheries,Eastern,441869,29.21,2023-10-08,2025-04-30,Late Payment,Small,386360,570938.93,19,570938.93,2025-05-02,0.0,70.0,Medium Risk,35.0,20,15
FIS_0505,Fisheries,Ashanti,458912,25.77,2018-04-21,2021-02-25,Paid,Medium,303097,577173.62,34,577173.62,2021-02-24,0.0,86.0,Low Risk,26.0,30,30
ENE_0506,Energy & Utilities,Ashanti,286710,30.88,2023-09-25,2026-06-14,Paid,Small,149841,375246.05,33,375246.05,2026-06-13,0.0,71.0,Low Risk,21.0,20,30
FIS_0507,Fisheries,Central,78550,20.29,2019-06-08,2021-05-28,Late Payment,Medium,27924,94487.8,24,94487.8,2021-06-08,0.0,59.0,Medium Risk,14.0,30,15
AGR_0508,Agriculture,Northern,96780,26.06,2019-09-16,2022-02-28,Late Payment,Micro,56804,122000.87,29,122000.87,2022-03-05,0.0,48.0,High Risk,23.0,10,15
TRA_0509,Trade,Western,151195,24.09,2022-05-16,2025-04-14,Late Payment,Micro,134379,187617.88,35,187617.88,2025-04-28,0.0,61.0,Medium Risk,36.0,10,15
MAN_0510,Manufacturing,Upper East,108868,20.81,2020-03-16,2023-01-19,Defaulted,Micro,91710,131523.43,34,10365.8,2022-12-20,121157.63,44.0,High Risk,34.0,10,0
TRA_0511,Trade,Eastern,23205,27.43,2020-11-08,2022-06-25,Late Payment,Small,15390,29570.13,19,29570.13,2022-07-09,0.0,62.0,Medium Risk,27.0,20,15
ENE_0512,Energy & Utilities,Upper West,404877,29.35,2018-05-09,2019-11-25,Paid,Small,341742,523708.4,18,523708.4,2019-11-21,0.0,84.0,Low Risk,34.0,20,30
MAN_0513,Manufacturing,Eastern,42319,20.25,2020-11-26,2022-07-30,Defaulted,Small,24759,50888.6,20,4088.62,2022-06-30,46799.98,43.0,High Risk,23.0,20,0
TRA_0514,Trade,Northern,443636,24.95,2021-11-27,2023-06-01,Defaulted,Small,53172,554323.18,18,51895.53,2023-05-02,502427.65,25.0,High Risk,5.0,20,0
ENE_0515,Energy & Utilities,Western,216103,27.13,2021-04-27,2024-04-09,Late Payment,Micro,73497,274731.74,35,274731.74,2024-04-28,0.0,39.0,High Risk,14.0,10,15
AGR_0516,Agriculture,Ashanti,118864,14.88,2018-05-05,2020-05-26,Paid,Micro,77782,136550.96,25,136550.96,2020-05-24,0.0,66.0,Medium Risk,26.0,10,30
FIS_0517,Fisheries,Volta,36693,19.9,2023-12-07,2026-03-27,Paid,Small,22933,43994.91,28,43994.91,2026-03-23,0.0,75.0,Low Risk,25.0,20,30
ENE_0518,Energy & Utilities,Upper West,392527,16.85,2022-10-27,2024-05-02,Defaulted,Small,27053,458667.8,18,44772.99,2024-04-02,413894.81,23.0,High Risk,3.0,20,0
FIS_0519,Fisheries,Central,311414,11.45,2023-06-19,2026-02-05,Defaulted,Micro,26171,347070.9,32,18144.23,2026-01-06,328926.67,13.0,High Risk,3.0,10,0
AGR_0520,Agriculture,Upper West,78669,19.53,2020-12-25,2023-01-16,Late Payment,Small,21454,94033.06,25,94033.06,2023-02-05,0.0,46.0,High Risk,11.0,20,15
FIS_0521,Fisheries,Central,356123,23.14,2020-05-08,2022-07-29,Defaulted,Micro,195019,438529.86,27,37214.22,2022-06-29,401315.64,32.0,High Risk,22.0,10,0
ENE_0522,Energy & Utilities,Upper West,209275,31.94,2022-06-20,2023-12-15,Defaulted,Medium,115387,276117.44,18,23575.64,2023-11-15,252541.8,52.0,Medium Risk,22.0,30,0
MAN_0523,Manufacturing,Western,473957,14.89,2019-06-25,2021-03-18,Late Payment,Small,194644,544529.2,21,544529.2,2021-03-23,0.0,51.0,Medium Risk,16.0,20,15
AGR_0524,Agriculture,Western,369616,18.44,2022-01-21,2024-10-29,Late Payment,Medium,46450,437773.19,33,437773.19,2024-11-06,0.0,50.0,High Risk,5.0,30,15
FIS_0525,Fisheries,Eastern,491691,17.9,2020-08-03,2022-07-04,Late Payment,Medium,458572,579703.69,23,579703.69,2022-07-14,0.0,82.0,Low Risk,37.0,30,15
FIS_0526,Fisheries,Upper East,99110,26.15,2023-06-03,2024-08-21,Paid,Micro,43737,125027.27,14,125027.27,2024-08-21,0.0,58.0,Medium Risk,18.0,10,30
MAN_0527,Manufacturing,Western,236362,23.14,2019-10-26,2022-01-03,Paid,Micro,114263,291056.17,26,291056.17,2021-12-29,0.0,59.0,Medium Risk,19.0,10,30
MAN_0528,Manufacturing,Northern,159083,17.47,2023-04-19,2024-11-19,Defaulted,Small,5641,186874.8,19,14032.63,2024-10-20,172842.17,21.0,High Risk,1.0,20,0
MAN_0529,Manufacturing,Greater Accra,12594,25.98,2023-01-11,2025-06-28,Paid,Small,9580,15865.92,29,15865.92,2025-06-25,0.0,80.0,Low Risk,30.0,20,30
ENE_0530,Energy & Utilities,Northern,154921,32.42,2021-03-13,2023-12-16,Late Payment,Micro,45428,205146.39,33,205146.39,2023-12-19,0.0,37.0,High Risk,12.0,10,15
